"tweet_utc_date","user_name","user_screen_name","tweet_text","tweet_url","tweet_id","user_profile_image_url","user_location","source","in_reply_to_screen_name","in_reply_to_status_id","image_link","retweet_count","favorite_count","time_zone","geo_enabled","geography","coordinates","lang"
"2017-03-07 06:18:31+00:00","Chris Keller","ChrisLKeller","@jacqui: you are perfect test for ""programming is like learning to play guitar"" My programming is 3-chord songs I practiced the heck out of","https://twitter.com/ChrisLKeller/status/838997271177879552","838997271177879552","http://pbs.twimg.com/profile_images/798907342691573760/z2dyWd0E_normal.jpg","","<a href=""http://twitter.com/download/iphone"" rel=""nofollow"">Twitter for iPhone</a>","jacqui","838917092330123265","","0","0","Pacific Time (US & Canada)","True","","","en"
"2017-03-07 00:34:30+00:00","Chris Keller","ChrisLKeller","Look back at the last 100 years of LA Mayoral Primary elections and you can see voters turned out. 66.20% in 1969... https://t.co/0aZ2WrcNtx","https://twitter.com/ChrisLKeller/status/838910696553209857","838910696553209857","http://pbs.twimg.com/profile_images/798907342691573760/z2dyWd0E_normal.jpg","","<a href=""https://about.twitter.com/products/tweetdeck"" rel=""nofollow"">TweetDeck</a>","ChrisLKeller","838886517221122048","","0","0","Pacific Time (US & Canada)","True","","","en"
"2017-03-06 22:58:26+00:00","Chris Keller","ChrisLKeller","The bar is low for high voter turnout tomorrow...

Dating back 20 years, in LA mayoral primaries the high point was https://t.co/v0TMC8E5fg","https://twitter.com/ChrisLKeller/status/838886517221122048","838886517221122048","http://pbs.twimg.com/profile_images/798907342691573760/z2dyWd0E_normal.jpg","","<a href=""https://about.twitter.com/products/tweetdeck"" rel=""nofollow"">TweetDeck</a>","","","","2","1","Pacific Time (US & Canada)","True","","","en"
"2017-03-06 22:30:11+00:00","Chris Keller","ChrisLKeller","@mattwaite: This is pretty slick though... Relevant to my Alexa interests...","https://twitter.com/ChrisLKeller/status/838879411185164288","838879411185164288","http://pbs.twimg.com/profile_images/798907342691573760/z2dyWd0E_normal.jpg","","<a href=""https://about.twitter.com/products/tweetdeck"" rel=""nofollow"">TweetDeck</a>","mattwaite","838878916618113024","","0","0","Pacific Time (US & Canada)","True","","","en"
"2017-03-06 21:12:24+00:00","Chris Keller","ChrisLKeller","RT @kjhealy: Dear @yougov I am available for dataviz consulting; my rate is a small proportion (60+56+33+51+65+61+42+26+49+42 = 485%) of @a","https://twitter.com/ChrisLKeller/status/838859832794865664","838859832794865664","http://pbs.twimg.com/profile_images/798907342691573760/z2dyWd0E_normal.jpg","","<a href=""http://twitter.com/download/iphone"" rel=""nofollow"">Twitter for iPhone</a>","","","","23","0","Pacific Time (US & Canada)","True","","","en"
"2017-03-06 21:11:40+00:00","Chris Keller","ChrisLKeller","RT @amandablair: Little graphic, with a big impact. https://t.co/EbVKcmrtG9 https://t.co/wQMQ8hekrc","https://twitter.com/ChrisLKeller/status/838859648073510920","838859648073510920","http://pbs.twimg.com/profile_images/798907342691573760/z2dyWd0E_normal.jpg","","<a href=""http://twitter.com/download/iphone"" rel=""nofollow"">Twitter for iPhone</a>","","","","36","0","Pacific Time (US & Canada)","True","","","en"
"2017-03-06 21:10:46+00:00","Chris Keller","ChrisLKeller","@gotoplanb: indeed...","https://twitter.com/ChrisLKeller/status/838859422751305732","838859422751305732","http://pbs.twimg.com/profile_images/798907342691573760/z2dyWd0E_normal.jpg","","<a href=""http://twitter.com/download/iphone"" rel=""nofollow"">Twitter for iPhone</a>","gotoplanb","838858067236257792","","0","0","Pacific Time (US & Canada)","True","","","en"
"2017-03-06 20:36:04+00:00","Chris Keller","ChrisLKeller","Wow! Phone shutter speed Y U So Slow? https://t.co/tVCkEENXeP","https://twitter.com/ChrisLKeller/status/838850693045739520","838850693045739520","http://pbs.twimg.com/profile_images/798907342691573760/z2dyWd0E_normal.jpg","","<a href=""http://twitter.com/download/iphone"" rel=""nofollow"">Twitter for iPhone</a>","","","","0","1","Pacific Time (US & Canada)","True","","","en"
"2017-03-06 20:30:52+00:00","Chris Keller","ChrisLKeller","Goonies, Slapshot and Godfather... https://t.co/8r1yloe8cH","https://twitter.com/ChrisLKeller/status/838849383927984128","838849383927984128","http://pbs.twimg.com/profile_images/798907342691573760/z2dyWd0E_normal.jpg","","<a href=""http://twitter.com/download/iphone"" rel=""nofollow"">Twitter for iPhone</a>","","","","0","0","Pacific Time (US & Canada)","True","","","en"
"2017-03-06 20:30:05+00:00","Chris Keller","ChrisLKeller","RT @libbycwatson: here is a fundraiser to retire the debt of poor children who can't afford lunch. our government is sick https://t.co/Azo2","https://twitter.com/ChrisLKeller/status/838849184853721088","838849184853721088","http://pbs.twimg.com/profile_images/798907342691573760/z2dyWd0E_normal.jpg","","<a href=""http://twitter.com/download/iphone"" rel=""nofollow"">Twitter for iPhone</a>","","","","308","0","Pacific Time (US & Canada)","True","","","en"
"2017-03-06 20:28:50+00:00","Chris Keller","ChrisLKeller","A tradition unlike any other... https://t.co/fMfIjsTLRH","https://twitter.com/ChrisLKeller/status/838848872759746560","838848872759746560","http://pbs.twimg.com/profile_images/798907342691573760/z2dyWd0E_normal.jpg","","<a href=""http://twitter.com/download/iphone"" rel=""nofollow"">Twitter for iPhone</a>","","","","0","1","Pacific Time (US & Canada)","True","","","en"
"2017-03-06 20:20:35+00:00","Chris Keller","ChrisLKeller","RT @AlexSteffen: Pruitt is literally going to force California to make its air quality worse.
No hyperbole: kids will sicken, folks will di","https://twitter.com/ChrisLKeller/status/838846796164038656","838846796164038656","http://pbs.twimg.com/profile_images/798907342691573760/z2dyWd0E_normal.jpg","","<a href=""http://twitter.com/download/iphone"" rel=""nofollow"">Twitter for iPhone</a>","","","","2354","0","Pacific Time (US & Canada)","True","","","en"
"2017-03-06 18:29:29+00:00","Chris Keller","ChrisLKeller","@benlkeith: Thank you for helpful &amp; empathic suggestions on virtual assistant responses to abusive language. Exactly a perspective I needed.","https://twitter.com/ChrisLKeller/status/838818834576351235","838818834576351235","http://pbs.twimg.com/profile_images/798907342691573760/z2dyWd0E_normal.jpg","","<a href=""https://about.twitter.com/products/tweetdeck"" rel=""nofollow"">TweetDeck</a>","benlkeith","","","0","1","Pacific Time (US & Canada)","True","","","en"
"2017-03-06 17:25:34+00:00","Chris Keller","ChrisLKeller","@robroc: Next time we're in the same place I wanna walk through from you on the double windsor... I'm ready to up my tie knot-tying game...","https://twitter.com/ChrisLKeller/status/838802748665536512","838802748665536512","http://pbs.twimg.com/profile_images/798907342691573760/z2dyWd0E_normal.jpg","","<a href=""https://about.twitter.com/products/tweetdeck"" rel=""nofollow"">TweetDeck</a>","robroc","838137699424940032","","0","0","Pacific Time (US & Canada)","True","","","en"
"2017-03-06 17:23:31+00:00","Chris Keller","ChrisLKeller","@mpiccorossi: Thank you. Happy you found the class helpful. Reach out if you run into anything you can't get passed. Always happy to help.","https://twitter.com/ChrisLKeller/status/838802234490007552","838802234490007552","http://pbs.twimg.com/profile_images/798907342691573760/z2dyWd0E_normal.jpg","","<a href=""https://about.twitter.com/products/tweetdeck"" rel=""nofollow"">TweetDeck</a>","mpiccorossi","838411273150869506","","0","1","Pacific Time (US & Canada)","True","","","en"
"2017-03-06 17:10:43+00:00","Chris Keller","ChrisLKeller","Missed this... Legislation would allow cyclists to pedal past stop signs without stopping... what could go wrong?

https://t.co/ncIsUVmR1Q","https://twitter.com/ChrisLKeller/status/838799011221921792","838799011221921792","http://pbs.twimg.com/profile_images/798907342691573760/z2dyWd0E_normal.jpg","","<a href=""https://about.twitter.com/products/tweetdeck"" rel=""nofollow"">TweetDeck</a>","","","","0","0","Pacific Time (US & Canada)","True","","","en"
"2017-03-06 16:58:10+00:00","Chris Keller","ChrisLKeller","Though I do envy those in the east who get to go to lunch now as we're just cranking up the day...","https://twitter.com/ChrisLKeller/status/838795853179437056","838795853179437056","http://pbs.twimg.com/profile_images/798907342691573760/z2dyWd0E_normal.jpg","","<a href=""https://about.twitter.com/products/tweetdeck"" rel=""nofollow"">TweetDeck</a>","ChrisLKeller","838468984223608832","","0","0","Pacific Time (US & Canada)","True","","","en"
"2017-03-06 16:57:15+00:00","Chris Keller","ChrisLKeller","RT @DanielLevitt32: You're JACKED UP from #NICAR17, excited to use the stuff you learned. Here's 5 tips to get started via @mattwaite 
http","https://twitter.com/ChrisLKeller/status/838795622526263296","838795622526263296","http://pbs.twimg.com/profile_images/798907342691573760/z2dyWd0E_normal.jpg","","<a href=""https://about.twitter.com/products/tweetdeck"" rel=""nofollow"">TweetDeck</a>","","","","1","0","Pacific Time (US & Canada)","True","","","en"
"2017-03-05 19:19:18+00:00","Chris Keller","ChrisLKeller","I love how landing in Los Angeles makes 2:10 pm become 11:10 am. Still time for breakfast and lunch!","https://twitter.com/ChrisLKeller/status/838468984223608832","838468984223608832","http://pbs.twimg.com/profile_images/798907342691573760/z2dyWd0E_normal.jpg","","<a href=""http://twitter.com/download/iphone"" rel=""nofollow"">Twitter for iPhone</a>","","","","0","8","Pacific Time (US & Canada)","True","","","en"
"2017-03-05 19:17:31+00:00","Chris Keller","ChrisLKeller","RT @KPCC: The controversial mailers used in LAs Measure S battle
https://t.co/Q1yD0o7XVf","https://twitter.com/ChrisLKeller/status/838468533877002240","838468533877002240","http://pbs.twimg.com/profile_images/798907342691573760/z2dyWd0E_normal.jpg","","<a href=""http://twitter.com/download/iphone"" rel=""nofollow"">Twitter for iPhone</a>","","","","3","0","Pacific Time (US & Canada)","True","","","en"
"2017-03-05 13:52:51+00:00","Chris Keller","ChrisLKeller","@craftworksxyz: oh my i missed fire... so much fire.","https://twitter.com/ChrisLKeller/status/838386829757976579","838386829757976579","http://pbs.twimg.com/profile_images/798907342691573760/z2dyWd0E_normal.jpg","","<a href=""http://twitter.com/download/iphone"" rel=""nofollow"">Twitter for iPhone</a>","craftworksxyz","838178267580489730","","0","0","Pacific Time (US & Canada)","True","","","en"
"2017-03-05 13:49:55+00:00","Chris Keller","ChrisLKeller","@mkramer: Ohhh the timing begins. Sending all the best wishes your way.","https://twitter.com/ChrisLKeller/status/838386093288480771","838386093288480771","http://pbs.twimg.com/profile_images/798907342691573760/z2dyWd0E_normal.jpg","","<a href=""http://twitter.com/download/iphone"" rel=""nofollow"">Twitter for iPhone</a>","mkramer","838362391196884992","","0","1","Pacific Time (US & Canada)","True","","","en"
"2017-03-05 13:21:53+00:00","Chris Keller","ChrisLKeller","Already away from #NICAR17. Thanks to old friends for inspiration. Thanks to new friends for the conversation. Thanks IRE for everything.","https://twitter.com/ChrisLKeller/status/838379037596729344","838379037596729344","http://pbs.twimg.com/profile_images/798907342691573760/z2dyWd0E_normal.jpg","","<a href=""http://twitter.com/download/iphone"" rel=""nofollow"">Twitter for iPhone</a>","","","","2","14","Pacific Time (US & Canada)","True","","","en"
"2017-03-05 03:33:19+00:00","Chris Keller","ChrisLKeller","@pulhitzherprize @jeremybowers @sabr YES!!!","https://twitter.com/ChrisLKeller/status/838230920679284742","838230920679284742","http://pbs.twimg.com/profile_images/798907342691573760/z2dyWd0E_normal.jpg","","<a href=""http://twitter.com/download/iphone"" rel=""nofollow"">Twitter for iPhone</a>","pulhitzherprize","838230756971380736","","0","1","Pacific Time (US & Canada)","True","","","und"
"2017-03-05 03:28:17+00:00","Chris Keller","ChrisLKeller","Seeking a welcome to nightvale fan at #NICAR17... I have a gift...","https://twitter.com/ChrisLKeller/status/838229651214454784","838229651214454784","http://pbs.twimg.com/profile_images/798907342691573760/z2dyWd0E_normal.jpg","","<a href=""http://twitter.com/download/iphone"" rel=""nofollow"">Twitter for iPhone</a>","","","","0","3","Pacific Time (US & Canada)","True","","","en"
"2017-03-05 03:02:01+00:00","Chris Keller","ChrisLKeller","@jeremybowers: so many stats... must create bull buck off above replacement rider value...","https://twitter.com/ChrisLKeller/status/838223041771503617","838223041771503617","http://pbs.twimg.com/profile_images/798907342691573760/z2dyWd0E_normal.jpg","","<a href=""http://twitter.com/download/iphone"" rel=""nofollow"">Twitter for iPhone</a>","jeremybowers","838190759845191685","","0","2","Pacific Time (US & Canada)","True","","","en"
"2017-03-05 03:00:04+00:00","Chris Keller","ChrisLKeller","RT @thepapaya: When the @PBR professional bull riders are staying at the same hotel as you... #NICAR17 #Jacksonville https://t.co/TepZt5VKww","https://twitter.com/ChrisLKeller/status/838222551335731202","838222551335731202","http://pbs.twimg.com/profile_images/798907342691573760/z2dyWd0E_normal.jpg","","<a href=""http://twitter.com/download/iphone"" rel=""nofollow"">Twitter for iPhone</a>","","","","1","0","Pacific Time (US & Canada)","True","","","en"
"2017-03-05 00:28:37+00:00","Chris Keller","ChrisLKeller","My buddy for the last evening of #NICAR17 ... https://t.co/XBlVr63KTx","https://twitter.com/ChrisLKeller/status/838184440081838081","838184440081838081","http://pbs.twimg.com/profile_images/798907342691573760/z2dyWd0E_normal.jpg","","<a href=""http://twitter.com/download/iphone"" rel=""nofollow"">Twitter for iPhone</a>","","","","1","5","Pacific Time (US & Canada)","True","","","en"
"2017-03-05 00:27:03+00:00","Chris Keller","ChrisLKeller","Gonna a dog whistle debrief after tonight...","https://twitter.com/ChrisLKeller/status/838184042533117952","838184042533117952","http://pbs.twimg.com/profile_images/798907342691573760/z2dyWd0E_normal.jpg","","<a href=""http://twitter.com/download/iphone"" rel=""nofollow"">Twitter for iPhone</a>","","","","0","1","Pacific Time (US & Canada)","True","","","en"
"2017-03-04 23:45:15+00:00","Chris Keller","ChrisLKeller","@gotoplanb: Ha! How long are you in Calif.?","https://twitter.com/ChrisLKeller/status/838173526326665216","838173526326665216","http://pbs.twimg.com/profile_images/798907342691573760/z2dyWd0E_normal.jpg","","<a href=""http://twitter.com/download/iphone"" rel=""nofollow"">Twitter for iPhone</a>","gotoplanb","838173050788958208","","0","0","Pacific Time (US & Canada)","True","","","en"
"2017-03-04 23:41:30+00:00","Chris Keller","ChrisLKeller","@Danict89: indeed. Regretting not buying tickets ahead of time. Long lines. Younhere?","https://twitter.com/ChrisLKeller/status/838172581689716737","838172581689716737","http://pbs.twimg.com/profile_images/798907342691573760/z2dyWd0E_normal.jpg","","<a href=""http://twitter.com/download/iphone"" rel=""nofollow"">Twitter for iPhone</a>","Danict89","838125403311075328","","0","0","Pacific Time (US & Canada)","True","","","en"
"2017-03-04 23:41:02+00:00","Chris Keller","ChrisLKeller","@eman_thedataman: tell me you had to look up how to spell that.","https://twitter.com/ChrisLKeller/status/838172464580603906","838172464580603906","http://pbs.twimg.com/profile_images/798907342691573760/z2dyWd0E_normal.jpg","","<a href=""http://twitter.com/download/iphone"" rel=""nofollow"">Twitter for iPhone</a>","eman_thedataman","838128856284413952","","0","0","Pacific Time (US & Canada)","True","","","en"
"2017-03-04 23:40:34+00:00","Chris Keller","ChrisLKeller","@gotoplanb: Exactly right! Practice practice practice. Sad you weren't able to make it to JAX. Hope all is well and things shipped.","https://twitter.com/ChrisLKeller/status/838172346636709894","838172346636709894","http://pbs.twimg.com/profile_images/798907342691573760/z2dyWd0E_normal.jpg","","<a href=""http://twitter.com/download/iphone"" rel=""nofollow"">Twitter for iPhone</a>","gotoplanb","838169317946572804","","0","0","Pacific Time (US & Canada)","True","","","en"
"2017-03-04 22:54:38+00:00","Chris Keller","ChrisLKeller","@eads: someone is looking for you... the mistook me for you and I was so flattered I offered them a spot on your team. You're welcome :)","https://twitter.com/ChrisLKeller/status/838160787273306114","838160787273306114","http://pbs.twimg.com/profile_images/798907342691573760/z2dyWd0E_normal.jpg","","<a href=""http://twitter.com/download/iphone"" rel=""nofollow"">Twitter for iPhone</a>","eads","","","0","2","Pacific Time (US & Canada)","True","","","en"
"2017-03-04 20:31:42+00:00","Chris Keller","ChrisLKeller","@Danict89: YES!!!","https://twitter.com/ChrisLKeller/status/838124814602752000","838124814602752000","http://pbs.twimg.com/profile_images/798907342691573760/z2dyWd0E_normal.jpg","","<a href=""http://twitter.com/download/iphone"" rel=""nofollow"">Twitter for iPhone</a>","Danict89","838117427963658241","","0","0","Pacific Time (US & Canada)","True","","","und"
"2017-03-04 20:29:18+00:00","Chris Keller","ChrisLKeller","Practice practice practice. Humble brag: I can tie a tie with my eyes closed. https://t.co/dTqWRSMO2d","https://twitter.com/ChrisLKeller/status/838124214053965824","838124214053965824","http://pbs.twimg.com/profile_images/798907342691573760/z2dyWd0E_normal.jpg","","<a href=""http://twitter.com/download/iphone"" rel=""nofollow"">Twitter for iPhone</a>","","","","0","6","Pacific Time (US & Canada)","True","","","en"
"2017-03-04 20:27:37+00:00","Chris Keller","ChrisLKeller","Each of them are example that hard work and practice makes a difference. The growth from year to year has been amaz https://t.co/FFh5w1dKsu","https://twitter.com/ChrisLKeller/status/838123788650823685","838123788650823685","http://pbs.twimg.com/profile_images/798907342691573760/z2dyWd0E_normal.jpg","","<a href=""http://twitter.com/download/iphone"" rel=""nofollow"">Twitter for iPhone</a>","","","","0","0","Pacific Time (US & Canada)","True","","","en"
"2017-03-04 20:25:20+00:00","Chris Keller","ChrisLKeller","RT @dansinker: The tick tock here is bananas. https://t.co/Ku4mOiOvqz","https://twitter.com/ChrisLKeller/status/838123214521974784","838123214521974784","http://pbs.twimg.com/profile_images/798907342691573760/z2dyWd0E_normal.jpg","","<a href=""http://twitter.com/download/iphone"" rel=""nofollow"">Twitter for iPhone</a>","","","","6","0","Pacific Time (US & Canada)","True","","","en"
"2017-03-04 20:00:29+00:00","Chris Keller","ChrisLKeller","Had this song stuck in my head all day. Seems relevant to #NICAR17 interests: https://t.co/lPpnagOFpR","https://twitter.com/ChrisLKeller/status/838116959552221184","838116959552221184","http://pbs.twimg.com/profile_images/798907342691573760/z2dyWd0E_normal.jpg","","<a href=""http://twitter.com/download/iphone"" rel=""nofollow"">Twitter for iPhone</a>","","","","0","2","Pacific Time (US & Canada)","True","","","en"
"2017-03-04 18:51:47+00:00","Chris Keller","ChrisLKeller","If #NICAR17 hasn't heard @eman_thedataman explain the current political &amp; social climate via the Dark Knight trilogy, you should ask him.","https://twitter.com/ChrisLKeller/status/838099673621676032","838099673621676032","http://pbs.twimg.com/profile_images/798907342691573760/z2dyWd0E_normal.jpg","","<a href=""http://twitter.com/download/iphone"" rel=""nofollow"">Twitter for iPhone</a>","","","","0","0","Pacific Time (US & Canada)","True","","","en"
"2017-03-04 17:53:22+00:00","Chris Keller","ChrisLKeller","RT @j_la28: So proud of @esagara @scottpham @julia67 and @cynduja on 2nd in Meyer award. Congrats to all the winners #NICAR17","https://twitter.com/ChrisLKeller/status/838084969687887872","838084969687887872","http://pbs.twimg.com/profile_images/798907342691573760/z2dyWd0E_normal.jpg","","<a href=""http://twitter.com/download/iphone"" rel=""nofollow"">Twitter for iPhone</a>","","","","4","0","Pacific Time (US & Canada)","True","","","en"
"2017-03-04 17:52:53+00:00","Chris Keller","ChrisLKeller","I mean... but... oh just think critically about this... https://t.co/IOZNKD3UyA","https://twitter.com/ChrisLKeller/status/838084847314821120","838084847314821120","http://pbs.twimg.com/profile_images/798907342691573760/z2dyWd0E_normal.jpg","","<a href=""http://twitter.com/download/iphone"" rel=""nofollow"">Twitter for iPhone</a>","","","","0","1","Pacific Time (US & Canada)","True","","","en"
"2017-03-04 15:57:01+00:00","Chris Keller","ChrisLKeller","Seems like solid advice for any collaborative effort, no?
#NICAR17 https://t.co/4kbsWB4FAd","https://twitter.com/ChrisLKeller/status/838055690073698304","838055690073698304","http://pbs.twimg.com/profile_images/798907342691573760/z2dyWd0E_normal.jpg","","<a href=""http://twitter.com/download/iphone"" rel=""nofollow"">Twitter for iPhone</a>","","","","3","11","Pacific Time (US & Canada)","True","","","en"
"2017-03-04 06:54:24+00:00","Chris Keller","ChrisLKeller","Fear of quicksand https://t.co/uBzb6VjASE","https://twitter.com/ChrisLKeller/status/837919137108221952","837919137108221952","http://pbs.twimg.com/profile_images/798907342691573760/z2dyWd0E_normal.jpg","","<a href=""http://twitter.com/download/iphone"" rel=""nofollow"">Twitter for iPhone</a>","","","","0","1","Pacific Time (US & Canada)","True","","","en"
"2017-03-04 06:53:14+00:00","Chris Keller","ChrisLKeller","RT @cwarshaw: Amazing resource. Largest publicly available survey of the American public. https://t.co/1ZgnZulXiX","https://twitter.com/ChrisLKeller/status/837918841434959872","837918841434959872","http://pbs.twimg.com/profile_images/798907342691573760/z2dyWd0E_normal.jpg","","<a href=""http://twitter.com/download/iphone"" rel=""nofollow"">Twitter for iPhone</a>","","","","13","0","Pacific Time (US & Canada)","True","","","en"
"2017-03-04 03:54:30+00:00","Chris Keller","ChrisLKeller","@emamd: Metropolitan Park... https://t.co/W0RSA4bapn","https://twitter.com/ChrisLKeller/status/837873861140037632","837873861140037632","http://pbs.twimg.com/profile_images/798907342691573760/z2dyWd0E_normal.jpg","","<a href=""http://twitter.com/download/iphone"" rel=""nofollow"">Twitter for iPhone</a>","emamd","837869464523780097","","0","0","Pacific Time (US & Canada)","True","","","es"
"2017-03-04 03:35:45+00:00","Chris Keller","ChrisLKeller","@emamd: its shaggy who is playing... just heard wasn't me as we we're leaving.","https://twitter.com/ChrisLKeller/status/837869145102352384","837869145102352384","http://pbs.twimg.com/profile_images/798907342691573760/z2dyWd0E_normal.jpg","","<a href=""http://twitter.com/download/iphone"" rel=""nofollow"">Twitter for iPhone</a>","emamd","","","0","1","Pacific Time (US & Canada)","True","","","en"
"2017-03-04 02:39:37+00:00","Chris Keller","ChrisLKeller","RT @ultracasual: For reporters who want to learn Python, our whole PyCAR class at #NICAR17 is on Github: https://t.co/9hyGxhMWvo","https://twitter.com/ChrisLKeller/status/837855018858479616","837855018858479616","http://pbs.twimg.com/profile_images/798907342691573760/z2dyWd0E_normal.jpg","","<a href=""http://twitter.com/download/iphone"" rel=""nofollow"">Twitter for iPhone</a>","","","","20","0","Pacific Time (US & Canada)","True","","","en"
"2017-03-04 02:39:14+00:00","Chris Keller","ChrisLKeller","RT @hbillings: When do you feel like a good coder? MAYBE NEVER and that's okay. Your feelings are not reflective of your capabilities!  #","https://twitter.com/ChrisLKeller/status/837854919818346497","837854919818346497","http://pbs.twimg.com/profile_images/798907342691573760/z2dyWd0E_normal.jpg","","<a href=""http://twitter.com/download/iphone"" rel=""nofollow"">Twitter for iPhone</a>","","","","15","0","Pacific Time (US & Canada)","True","","","en"
"2017-03-04 02:38:08+00:00","Chris Keller","ChrisLKeller","@DanielleAlberti @hbillings: the mental image lacks a certain degree of civility but it's made up for in tastebud joy.","https://twitter.com/ChrisLKeller/status/837854642843357185","837854642843357185","http://pbs.twimg.com/profile_images/798907342691573760/z2dyWd0E_normal.jpg","","<a href=""http://twitter.com/download/iphone"" rel=""nofollow"">Twitter for iPhone</a>","DanielleAlberti","837854332980723713","","0","1","Pacific Time (US & Canada)","True","","","en"
"2017-03-04 02:36:18+00:00","Chris Keller","ChrisLKeller","@hbillings: they pass the curding test and convinced me they were legit. Hard not to get two orders.","https://twitter.com/ChrisLKeller/status/837854181339893764","837854181339893764","http://pbs.twimg.com/profile_images/798907342691573760/z2dyWd0E_normal.jpg","","<a href=""http://twitter.com/download/iphone"" rel=""nofollow"">Twitter for iPhone</a>","hbillings","837853824941445120","","0","2","Pacific Time (US & Canada)","True","","","en"
"2017-03-04 01:42:01+00:00","Chris Keller","ChrisLKeller","Come to #NICAR17 in JAX, find some comforting deep fried cheese curds  from the homeland. Who knew. cc: @hbillings https://t.co/GEsbkcBf30","https://twitter.com/ChrisLKeller/status/837840522412765184","837840522412765184","http://pbs.twimg.com/profile_images/798907342691573760/z2dyWd0E_normal.jpg","","<a href=""http://twitter.com/download/iphone"" rel=""nofollow"">Twitter for iPhone</a>","","","","0","6","Pacific Time (US & Canada)","True","","","en"
"2017-03-03 19:36:38+00:00","Chris Keller","ChrisLKeller","@Celia_LJ @chrishagan: Was so sad this morning when I saw they blocked off the temporary stairs.","https://twitter.com/ChrisLKeller/status/837748572338663424","837748572338663424","http://pbs.twimg.com/profile_images/798907342691573760/z2dyWd0E_normal.jpg","","<a href=""http://twitter.com/download/iphone"" rel=""nofollow"">Twitter for iPhone</a>","Celia_LJ","837742157444317185","","0","2","Pacific Time (US & Canada)","True","","","en"
"2017-03-03 19:02:00+00:00","Chris Keller","ChrisLKeller","#NICAR17: Give me a reply with a phrase, leave a response on the Gist or simply think through how we can band together to do this.","https://twitter.com/ChrisLKeller/status/837739855102754818","837739855102754818","http://pbs.twimg.com/profile_images/798907342691573760/z2dyWd0E_normal.jpg","","<a href=""https://about.twitter.com/products/tweetdeck"" rel=""nofollow"">TweetDeck</a>","ChrisLKeller","837739630233587713","","1","0","Pacific Time (US & Canada)","True","","","en"
"2017-03-03 19:01:06+00:00","Chris Keller","ChrisLKeller","#NICAR17: The idea stems from this article in @qz: https://t.co/GDEFCshgWP","https://twitter.com/ChrisLKeller/status/837739630233587713","837739630233587713","http://pbs.twimg.com/profile_images/798907342691573760/z2dyWd0E_normal.jpg","","<a href=""https://about.twitter.com/products/tweetdeck"" rel=""nofollow"">TweetDeck</a>","ChrisLKeller","837739499761315841","","0","0","Pacific Time (US & Canada)","True","","","en"
"2017-03-03 19:00:35+00:00","Chris Keller","ChrisLKeller","#NICAR17 folks... I want to gather statements to arm Alexa &amp; Siri with rebuttals to combat harassment. Have ideas?

https://t.co/sEKLOT0QzP","https://twitter.com/ChrisLKeller/status/837739499761315841","837739499761315841","http://pbs.twimg.com/profile_images/798907342691573760/z2dyWd0E_normal.jpg","","<a href=""https://about.twitter.com/products/tweetdeck"" rel=""nofollow"">TweetDeck</a>","","","","1","0","Pacific Time (US & Canada)","True","","","en"
"2017-03-03 18:50:37+00:00","Chris Keller","ChrisLKeller","#NICAR17 folks who have worked with data on road construction spending &amp; projects ... Can we talk about the data and information sources?","https://twitter.com/ChrisLKeller/status/837736989311045632","837736989311045632","http://pbs.twimg.com/profile_images/798907342691573760/z2dyWd0E_normal.jpg","","<a href=""https://about.twitter.com/products/tweetdeck"" rel=""nofollow"">TweetDeck</a>","","","","0","0","Pacific Time (US & Canada)","True","","","en"
"2017-03-03 16:02:46+00:00","Chris Keller","ChrisLKeller","I like gifts for data... you? #NICAR17 https://t.co/yk7nNBhPEE","https://twitter.com/ChrisLKeller/status/837694751004635140","837694751004635140","http://pbs.twimg.com/profile_images/798907342691573760/z2dyWd0E_normal.jpg","","<a href=""http://twitter.com/download/iphone"" rel=""nofollow"">Twitter for iPhone</a>","","","","1","3","Pacific Time (US & Canada)","True","","","en"
"2017-03-03 13:19:30+00:00","Chris Keller","ChrisLKeller","@elthenerd @thejqs: not at all... smalls might be all I can carry yeah?","https://twitter.com/ChrisLKeller/status/837653663963365376","837653663963365376","http://pbs.twimg.com/profile_images/798907342691573760/z2dyWd0E_normal.jpg","","<a href=""http://twitter.com/download/iphone"" rel=""nofollow"">Twitter for iPhone</a>","elthenerd","837652975430553600","","0","0","Pacific Time (US & Canada)","True","","","en"
"2017-03-03 13:13:37+00:00","Chris Keller","ChrisLKeller","Such a good time... let's do more...! https://t.co/Da9J8HC7Zx","https://twitter.com/ChrisLKeller/status/837652181549473797","837652181549473797","http://pbs.twimg.com/profile_images/798907342691573760/z2dyWd0E_normal.jpg","","<a href=""http://twitter.com/download/iphone"" rel=""nofollow"">Twitter for iPhone</a>","","","","0","0","Pacific Time (US & Canada)","True","","","en"
"2017-03-03 13:12:37+00:00","Chris Keller","ChrisLKeller","@esagara @hbillings @elthenerd @ultracasual: headed to 7-11 in 10 minutes. Want coffee brought back or to walk let me know...","https://twitter.com/ChrisLKeller/status/837651931690582016","837651931690582016","http://pbs.twimg.com/profile_images/798907342691573760/z2dyWd0E_normal.jpg","","<a href=""http://twitter.com/download/iphone"" rel=""nofollow"">Twitter for iPhone</a>","esagara","","","0","0","Pacific Time (US & Canada)","True","","","en"
"2017-03-03 12:55:53+00:00","Chris Keller","ChrisLKeller","@hbillings: Dare I say you're having an allergic React-ion?","https://twitter.com/ChrisLKeller/status/837647716654198785","837647716654198785","http://pbs.twimg.com/profile_images/798907342691573760/z2dyWd0E_normal.jpg","","<a href=""http://twitter.com/download/iphone"" rel=""nofollow"">Twitter for iPhone</a>","hbillings","837621863908052992","","0","3","Pacific Time (US & Canada)","True","","","en"
"2017-03-03 12:49:27+00:00","Chris Keller","ChrisLKeller","RT @opennews: We just released the results from the first-ever news nerd survey! https://t.co/RwCwy0FeOS #NICAR17","https://twitter.com/ChrisLKeller/status/837646098445524992","837646098445524992","http://pbs.twimg.com/profile_images/798907342691573760/z2dyWd0E_normal.jpg","","<a href=""http://twitter.com/download/iphone"" rel=""nofollow"">Twitter for iPhone</a>","","","","11","0","Pacific Time (US & Canada)","True","","","en"
"2017-03-03 12:48:30+00:00","Chris Keller","ChrisLKeller","RT @StevenTDennis: Who drafted this? ""***It was*** an off the record session"" is a confirmation. https://t.co/o9zoeJaqc5","https://twitter.com/ChrisLKeller/status/837645861781975042","837645861781975042","http://pbs.twimg.com/profile_images/798907342691573760/z2dyWd0E_normal.jpg","","<a href=""http://twitter.com/download/iphone"" rel=""nofollow"">Twitter for iPhone</a>","","","","91","0","Pacific Time (US & Canada)","True","","","en"
"2017-03-03 05:44:30+00:00","Chris Keller","ChrisLKeller","@monteiro: October 8 2017...","https://twitter.com/ChrisLKeller/status/837539158650314753","837539158650314753","http://pbs.twimg.com/profile_images/798907342691573760/z2dyWd0E_normal.jpg","","<a href=""http://twitter.com/download/iphone"" rel=""nofollow"">Twitter for iPhone</a>","monteiro","837510104928813056","","0","0","Pacific Time (US & Canada)","True","","","es"
"2017-03-03 03:11:25+00:00","Chris Keller","ChrisLKeller","@ndhapple @hbillings: I'll take photos ... of me on the bull!!!","https://twitter.com/ChrisLKeller/status/837500634270150656","837500634270150656","http://pbs.twimg.com/profile_images/798907342691573760/z2dyWd0E_normal.jpg","","<a href=""http://twitter.com/download/iphone"" rel=""nofollow"">Twitter for iPhone</a>","ndhapple","837500268572995584","","0","1","Pacific Time (US & Canada)","True","","","en"
"2017-03-03 03:10:13+00:00","Chris Keller","ChrisLKeller","RT @KPCC: Measure S: A brief illustrated history of campaign mailers https://t.co/Q1yD0nQn3H","https://twitter.com/ChrisLKeller/status/837500331315576832","837500331315576832","http://pbs.twimg.com/profile_images/798907342691573760/z2dyWd0E_normal.jpg","","<a href=""http://twitter.com/download/iphone"" rel=""nofollow"">Twitter for iPhone</a>","","","","3","0","Pacific Time (US & Canada)","True","","","en"
"2017-03-03 02:42:35+00:00","Chris Keller","ChrisLKeller","#NICAR17: Bull riding competition is Saturday night at 6:45 pm. Who's in?","https://twitter.com/ChrisLKeller/status/837493374731055106","837493374731055106","http://pbs.twimg.com/profile_images/798907342691573760/z2dyWd0E_normal.jpg","","<a href=""http://twitter.com/download/iphone"" rel=""nofollow"">Twitter for iPhone</a>","","","","0","9","Pacific Time (US & Canada)","True","","","en"
"2017-03-02 19:15:15+00:00","Chris Keller","ChrisLKeller","@chrishagan @matt_kiefer: i trust you will do the proper thing and book a flight from midway to ohare to combat missing out on airports.","https://twitter.com/ChrisLKeller/status/837380802203824128","837380802203824128","http://pbs.twimg.com/profile_images/798907342691573760/z2dyWd0E_normal.jpg","","<a href=""http://twitter.com/download/iphone"" rel=""nofollow"">Twitter for iPhone</a>","chrishagan","837298551323504641","","0","3","Pacific Time (US & Canada)","True","","","en"
"2017-03-02 19:12:47+00:00","Chris Keller","ChrisLKeller","@AndreaJGardner:  good time is had by all in their little ways :)","https://twitter.com/ChrisLKeller/status/837380182516314112","837380182516314112","http://pbs.twimg.com/profile_images/798907342691573760/z2dyWd0E_normal.jpg","","<a href=""http://twitter.com/download/iphone"" rel=""nofollow"">Twitter for iPhone</a>","AndreaJGardner","837331868320083968","","0","0","Pacific Time (US & Canada)","True","","","en"
"2017-03-02 14:30:11+00:00","Chris Keller","ChrisLKeller","Where @hbillings uses solitaire to teach the idea of logic and programmable steps for PyCar at #NICAR17 https://t.co/JEyzAjYfEQ","https://twitter.com/ChrisLKeller/status/837309063222394881","837309063222394881","http://pbs.twimg.com/profile_images/798907342691573760/z2dyWd0E_normal.jpg","","<a href=""http://twitter.com/download/iphone"" rel=""nofollow"">Twitter for iPhone</a>","","","","0","3","Pacific Time (US & Canada)","True","","","en"
"2017-03-02 13:37:43+00:00","Chris Keller","ChrisLKeller","@benlkeith @hbillings: No bugs, only features ""whoa watch your head.""","https://twitter.com/ChrisLKeller/status/837295857439490049","837295857439490049","http://pbs.twimg.com/profile_images/798907342691573760/z2dyWd0E_normal.jpg","","<a href=""http://twitter.com/download/iphone"" rel=""nofollow"">Twitter for iPhone</a>","benlkeith","837289945937162240","","0","0","Pacific Time (US & Canada)","True","","","en"
"2017-03-02 13:04:44+00:00","Chris Keller","ChrisLKeller","@livlab @tinyLIpsum: Tiny tiny :) Adorable!","https://twitter.com/ChrisLKeller/status/837287557331316736","837287557331316736","http://pbs.twimg.com/profile_images/798907342691573760/z2dyWd0E_normal.jpg","","<a href=""http://twitter.com/download/iphone"" rel=""nofollow"">Twitter for iPhone</a>","livlab","837280531754729472","","0","1","Pacific Time (US & Canada)","True","","","es"
"2017-03-02 13:03:03+00:00","Chris Keller","ChrisLKeller","RT @s_m_i: There is almost nothing pedestrian we will not assign as superhuman sacrifice if it is embodied by a white person https://t.co","https://twitter.com/ChrisLKeller/status/837287135011082241","837287135011082241","http://pbs.twimg.com/profile_images/798907342691573760/z2dyWd0E_normal.jpg","","<a href=""http://twitter.com/download/iphone"" rel=""nofollow"">Twitter for iPhone</a>","","","","26","0","Pacific Time (US & Canada)","True","","","en"
"2017-03-02 12:59:08+00:00","Chris Keller","ChrisLKeller","When's the #NICAR17 session on learning to operate the crane on the barge outside the hotel? Can we learn to script it's movements?","https://twitter.com/ChrisLKeller/status/837286149055995904","837286149055995904","http://pbs.twimg.com/profile_images/798907342691573760/z2dyWd0E_normal.jpg","","<a href=""http://twitter.com/download/iphone"" rel=""nofollow"">Twitter for iPhone</a>","","","","0","5","Pacific Time (US & Canada)","True","","","en"
"2017-03-02 12:52:04+00:00","Chris Keller","ChrisLKeller","RT @ClaraJeffery: He is 40. 
White guys always get a chance to ""grow up."" POC men treated as adults before they are. Women as children and","https://twitter.com/ChrisLKeller/status/837284371207958528","837284371207958528","http://pbs.twimg.com/profile_images/798907342691573760/z2dyWd0E_normal.jpg","","<a href=""http://twitter.com/download/iphone"" rel=""nofollow"">Twitter for iPhone</a>","","","","2102","0","Pacific Time (US & Canada)","True","","","en"
"2017-03-02 12:50:55+00:00","Chris Keller","ChrisLKeller","@MeghanHoyer: there you go inciting panic again with negative news. You left out the fact there is coffee in the city though.","https://twitter.com/ChrisLKeller/status/837284078823084032","837284078823084032","http://pbs.twimg.com/profile_images/798907342691573760/z2dyWd0E_normal.jpg","","<a href=""http://twitter.com/download/iphone"" rel=""nofollow"">Twitter for iPhone</a>","MeghanHoyer","837272362311692288","","0","0","Pacific Time (US & Canada)","True","","","en"
"2017-03-02 12:49:06+00:00","Chris Keller","ChrisLKeller","@dansinker: All the best thoughts &amp; wishes for you and your dad and your family Dan.","https://twitter.com/ChrisLKeller/status/837283621769777153","837283621769777153","http://pbs.twimg.com/profile_images/798907342691573760/z2dyWd0E_normal.jpg","","<a href=""http://twitter.com/download/iphone"" rel=""nofollow"">Twitter for iPhone</a>","dansinker","","","0","0","Pacific Time (US & Canada)","True","","","en"
"2017-03-01 20:59:11+00:00","Chris Keller","ChrisLKeller","@craftworksxyz: I'm told it's spring now... Cali has made use hyper aware me thinks.","https://twitter.com/ChrisLKeller/status/837044569640484865","837044569640484865","http://pbs.twimg.com/profile_images/798907342691573760/z2dyWd0E_normal.jpg","","<a href=""http://twitter.com/download/iphone"" rel=""nofollow"">Twitter for iPhone</a>","craftworksxyz","837041015827619841","","0","2","Pacific Time (US & Canada)","True","","","en"
"2017-03-01 20:43:11+00:00","Chris Keller","ChrisLKeller","Relative humidity in JAX is not relative.","https://twitter.com/ChrisLKeller/status/837040541745442816","837040541745442816","http://pbs.twimg.com/profile_images/798907342691573760/z2dyWd0E_normal.jpg","","<a href=""http://twitter.com/download/iphone"" rel=""nofollow"">Twitter for iPhone</a>","","","","0","2","Pacific Time (US & Canada)","True","","","en"
"2017-03-01 18:33:58+00:00","Chris Keller","ChrisLKeller","@tylrfishr @jeremybowers: That's the one right there! I'm living through you with that sandwich. Looking forward to some in July.","https://twitter.com/ChrisLKeller/status/837008025122717704","837008025122717704","http://pbs.twimg.com/profile_images/798907342691573760/z2dyWd0E_normal.jpg","","<a href=""http://twitter.com/download/iphone"" rel=""nofollow"">Twitter for iPhone</a>","tylrfishr","836944020538523648","","0","1","Pacific Time (US & Canada)","True","","","en"
"2017-03-01 18:32:02+00:00","Chris Keller","ChrisLKeller","RT @schwanksta: As part of @DocumentHate, @A_L and I are tracking all of the bomb threats against Jewish organization we know about
https:/","https://twitter.com/ChrisLKeller/status/837007539711721480","837007539711721480","http://pbs.twimg.com/profile_images/798907342691573760/z2dyWd0E_normal.jpg","","<a href=""http://twitter.com/download/iphone"" rel=""nofollow"">Twitter for iPhone</a>","","","","24","0","Pacific Time (US & Canada)","True","","","en"
"2017-03-01 18:31:28+00:00","Chris Keller","ChrisLKeller","RT @NifMuhammad: are you sure this is what the future of media looks like because I think maybe this is also what the past &amp; present of med","https://twitter.com/ChrisLKeller/status/837007394790129668","837007394790129668","http://pbs.twimg.com/profile_images/798907342691573760/z2dyWd0E_normal.jpg","","<a href=""http://twitter.com/download/iphone"" rel=""nofollow"">Twitter for iPhone</a>","","","","243","0","Pacific Time (US & Canada)","True","","","en"
"2017-03-01 18:26:55+00:00","Chris Keller","ChrisLKeller","RT @ericgeller: @JosiahRyan: The future of media has no women?","https://twitter.com/ChrisLKeller/status/837006250986651653","837006250986651653","http://pbs.twimg.com/profile_images/798907342691573760/z2dyWd0E_normal.jpg","","<a href=""http://twitter.com/download/iphone"" rel=""nofollow"">Twitter for iPhone</a>","","","","113","0","Pacific Time (US & Canada)","True","","","en"
"2017-03-01 18:26:39+00:00","Chris Keller","ChrisLKeller","RT @webjournalist: .@JosiahRyan @CaseyNeistat @Bourdain @jaketapper @wkamaubell @CNN Gents, not one of you noticed ""We're all dudes. That d","https://twitter.com/ChrisLKeller/status/837006183819055104","837006183819055104","http://pbs.twimg.com/profile_images/798907342691573760/z2dyWd0E_normal.jpg","","<a href=""http://twitter.com/download/iphone"" rel=""nofollow"">Twitter for iPhone</a>","","","","27","0","Pacific Time (US & Canada)","True","","","en"
"2017-03-01 18:26:25+00:00","Chris Keller","ChrisLKeller","RT @lauraolin: like 100% men? cool... https://t.co/Fc86we4J9G","https://twitter.com/ChrisLKeller/status/837006124595494925","837006124595494925","http://pbs.twimg.com/profile_images/798907342691573760/z2dyWd0E_normal.jpg","","<a href=""http://twitter.com/download/iphone"" rel=""nofollow"">Twitter for iPhone</a>","","","","100","0","Pacific Time (US & Canada)","True","","","en"
"2017-03-01 18:26:20+00:00","Chris Keller","ChrisLKeller","RT @ashleyfeinberg: so no women then https://t.co/wt4reS9lNn","https://twitter.com/ChrisLKeller/status/837006104685068288","837006104685068288","http://pbs.twimg.com/profile_images/798907342691573760/z2dyWd0E_normal.jpg","","<a href=""http://twitter.com/download/iphone"" rel=""nofollow"">Twitter for iPhone</a>","","","","502","0","Pacific Time (US & Canada)","True","","","en"
"2017-03-01 13:36:08+00:00","Chris Keller","ChrisLKeller","Booked point-to-point to #NICAR17 to save $70. Counter agent said bag ""should"" make it. Or I have $70 for Thursday clothes and a toothbrush.","https://twitter.com/ChrisLKeller/status/836933070770987009","836933070770987009","http://pbs.twimg.com/profile_images/798907342691573760/z2dyWd0E_normal.jpg","","<a href=""http://twitter.com/download/iphone"" rel=""nofollow"">Twitter for iPhone</a>","","","","0","5","Pacific Time (US & Canada)","True","","","en"
"2017-03-01 11:40:09+00:00","Chris Keller","ChrisLKeller","RT @digiphile: People often focus on how Twitter can be used for talking, but searches like this demonstrate how useful it is for listening","https://twitter.com/ChrisLKeller/status/836903882072563713","836903882072563713","http://pbs.twimg.com/profile_images/798907342691573760/z2dyWd0E_normal.jpg","","<a href=""http://twitter.com/download/iphone"" rel=""nofollow"">Twitter for iPhone</a>","","","","28","0","Pacific Time (US & Canada)","True","","","en"
"2017-03-01 03:10:23+00:00","Chris Keller","ChrisLKeller","Metamorphosis...? @ezass: there's more of your Kafka... https://t.co/GatlrZbxaL","https://twitter.com/ChrisLKeller/status/836775595727998976","836775595727998976","http://pbs.twimg.com/profile_images/798907342691573760/z2dyWd0E_normal.jpg","","<a href=""http://twitter.com/download/iphone"" rel=""nofollow"">Twitter for iPhone</a>","","","","0","0","Pacific Time (US & Canada)","True","","","en"
"2017-02-28 23:11:12+00:00","Chris Keller","ChrisLKeller","RT @ishaantharoor: FBI now investigating Kansas man's murder of Indian engineer as a ""hate crime."" These GOP fliers sent about the state la","https://twitter.com/ChrisLKeller/status/836715404751884288","836715404751884288","http://pbs.twimg.com/profile_images/798907342691573760/z2dyWd0E_normal.jpg","","<a href=""https://about.twitter.com/products/tweetdeck"" rel=""nofollow"">TweetDeck</a>","","","","5124","0","Pacific Time (US & Canada)","True","","","en"
"2017-02-28 23:10:06+00:00","Chris Keller","ChrisLKeller","Lost in everything: 24 years ago yesterday ATF agents tried to arrest David Koresh on weapons charges, beginning a 51-day standoff.","https://twitter.com/ChrisLKeller/status/836715128275910656","836715128275910656","http://pbs.twimg.com/profile_images/798907342691573760/z2dyWd0E_normal.jpg","","<a href=""https://about.twitter.com/products/tweetdeck"" rel=""nofollow"">TweetDeck</a>","","","","0","0","Pacific Time (US & Canada)","True","","","en"
"2017-02-28 22:03:25+00:00","Chris Keller","ChrisLKeller","It's like the whole thing is nothing but a running thread of ""You Had One Job""...","https://twitter.com/ChrisLKeller/status/836698346320384001","836698346320384001","http://pbs.twimg.com/profile_images/798907342691573760/z2dyWd0E_normal.jpg","","<a href=""https://about.twitter.com/products/tweetdeck"" rel=""nofollow"">TweetDeck</a>","","","","0","0","Pacific Time (US & Canada)","True","","","en"
"2017-02-28 21:56:38+00:00","Chris Keller","ChrisLKeller","... https://t.co/uV9yUgZJrl","https://twitter.com/ChrisLKeller/status/836696639217639424","836696639217639424","http://pbs.twimg.com/profile_images/798907342691573760/z2dyWd0E_normal.jpg","","<a href=""https://about.twitter.com/products/tweetdeck"" rel=""nofollow"">TweetDeck</a>","","","","0","0","Pacific Time (US & Canada)","True","","","und"
"2017-02-28 21:06:55+00:00","Chris Keller","ChrisLKeller","TFW @knowtheory is the lede tweet... https://t.co/vMwd45okdm","https://twitter.com/ChrisLKeller/status/836684128028282880","836684128028282880","http://pbs.twimg.com/profile_images/798907342691573760/z2dyWd0E_normal.jpg","","<a href=""http://twitter.com/download/iphone"" rel=""nofollow"">Twitter for iPhone</a>","","","","0","0","Pacific Time (US & Canada)","True","","","en"
"2017-02-28 20:51:25+00:00","Chris Keller","ChrisLKeller","RT @showthread: This is hilarious. https://t.co/XgtY72Cz4C","https://twitter.com/ChrisLKeller/status/836680227350704128","836680227350704128","http://pbs.twimg.com/profile_images/798907342691573760/z2dyWd0E_normal.jpg","","<a href=""http://twitter.com/download/iphone"" rel=""nofollow"">Twitter for iPhone</a>","","","","6","0","Pacific Time (US & Canada)","True","","","en"
"2017-02-28 18:37:31+00:00","Chris Keller","ChrisLKeller","RT @_alastair: Amazon S3 is down. You might not know what it is, but if more-or-less anything you use on the internet isn't working correct","https://twitter.com/ChrisLKeller/status/836646530949902336","836646530949902336","http://pbs.twimg.com/profile_images/798907342691573760/z2dyWd0E_normal.jpg","","<a href=""https://about.twitter.com/products/tweetdeck"" rel=""nofollow"">TweetDeck</a>","","","","407","0","Pacific Time (US & Canada)","True","","","en"
"2017-02-28 15:15:58+00:00","Chris Keller","ChrisLKeller","Please tell me this isn't real... https://t.co/dZzaV8PFIV","https://twitter.com/ChrisLKeller/status/836595806845071360","836595806845071360","http://pbs.twimg.com/profile_images/798907342691573760/z2dyWd0E_normal.jpg","","<a href=""http://twitter.com/download/iphone"" rel=""nofollow"">Twitter for iPhone</a>","","","","0","0","Pacific Time (US & Canada)","True","","","en"
"2017-02-28 13:54:57+00:00","Chris Keller","ChrisLKeller","RT @BraddJaffy: Photos from the bomb threat at the JCC in Birmingham  they literally wheeled out kids in cribs while evacuating https://t.","https://twitter.com/ChrisLKeller/status/836575419902001152","836575419902001152","http://pbs.twimg.com/profile_images/798907342691573760/z2dyWd0E_normal.jpg","","<a href=""http://twitter.com/download/iphone"" rel=""nofollow"">Twitter for iPhone</a>","","","","2433","0","Pacific Time (US & Canada)","True","","","en"
"2017-02-28 13:51:14+00:00","Chris Keller","ChrisLKeller","RT @brianboyer: Also, bosses: It aint enough just say hey! experiment! You have to create an environment that facilitates it. That *dema","https://twitter.com/ChrisLKeller/status/836574484689645571","836574484689645571","http://pbs.twimg.com/profile_images/798907342691573760/z2dyWd0E_normal.jpg","","<a href=""http://twitter.com/download/iphone"" rel=""nofollow"">Twitter for iPhone</a>","","","","3","0","Pacific Time (US & Canada)","True","","","en"
"2017-02-28 13:49:33+00:00","Chris Keller","ChrisLKeller","This is something that happens now... https://t.co/7kpWyTyXuP","https://twitter.com/ChrisLKeller/status/836574061614374917","836574061614374917","http://pbs.twimg.com/profile_images/798907342691573760/z2dyWd0E_normal.jpg","","<a href=""http://twitter.com/download/iphone"" rel=""nofollow"">Twitter for iPhone</a>","","","","0","0","Pacific Time (US & Canada)","True","","","en"
"2017-02-28 13:42:02+00:00","Chris Keller","ChrisLKeller","@DanielleAlberti: Oh congrats, congrats congrats! So exciting I'm sure.","https://twitter.com/ChrisLKeller/status/836572170796990466","836572170796990466","http://pbs.twimg.com/profile_images/798907342691573760/z2dyWd0E_normal.jpg","","<a href=""http://twitter.com/download/iphone"" rel=""nofollow"">Twitter for iPhone</a>","DanielleAlberti","836556556355448832","","0","0","Pacific Time (US & Canada)","True","","","en"
"2017-02-28 07:16:15+00:00","Chris Keller","ChrisLKeller","@tylrfishr @jeremybowers: No sunrise biscuit kitchen while in Chapel Hill? Surely a two-biscuit breakfast is in order...?","https://twitter.com/ChrisLKeller/status/836475084894134272","836475084894134272","http://pbs.twimg.com/profile_images/798907342691573760/z2dyWd0E_normal.jpg","","<a href=""http://twitter.com/download/iphone"" rel=""nofollow"">Twitter for iPhone</a>","tylrfishr","836299774814978048","","0","1","Pacific Time (US & Canada)","True","","","en"
"2017-02-27 16:29:08+00:00","Chris Keller","ChrisLKeller","Pretty good https://t.co/KTMCRkRYRL","https://twitter.com/ChrisLKeller/status/836251832288587776","836251832288587776","http://pbs.twimg.com/profile_images/798907342691573760/z2dyWd0E_normal.jpg","","<a href=""http://twitter.com/download/iphone"" rel=""nofollow"">Twitter for iPhone</a>","","","","0","0","Pacific Time (US & Canada)","True","","","en"
"2017-02-26 22:05:08+00:00","Chris Keller","ChrisLKeller","RT @anniekarni: .@TimAlberta from CPAC: ""an ideology conforming to an individual rather than the other way around."" https://t.co/DsPYFkI4My","https://twitter.com/ChrisLKeller/status/835974002619273217","835974002619273217","http://pbs.twimg.com/profile_images/798907342691573760/z2dyWd0E_normal.jpg","","<a href=""http://twitter.com/download/iphone"" rel=""nofollow"">Twitter for iPhone</a>","","","","105","0","Pacific Time (US & Canada)","True","","","en"
"2017-02-26 20:30:39+00:00","Chris Keller","ChrisLKeller","RT @hodgesmr: More:

527 counties saw negative median household income growth between 2009 and 2015.

Trump won 442 of them.

https://t.co/","https://twitter.com/ChrisLKeller/status/835950226527510528","835950226527510528","http://pbs.twimg.com/profile_images/798907342691573760/z2dyWd0E_normal.jpg","","<a href=""http://twitter.com/download/iphone"" rel=""nofollow"">Twitter for iPhone</a>","","","","16","0","Pacific Time (US & Canada)","True","","","en"
"2017-02-25 22:11:12+00:00","Chris Keller","ChrisLKeller","Officer in Anaheim confrontation feared for his life: https://t.co/wE5IVOn430","https://twitter.com/ChrisLKeller/status/835613140809211904","835613140809211904","http://pbs.twimg.com/profile_images/798907342691573760/z2dyWd0E_normal.jpg","","<a href=""https://about.twitter.com/products/tweetdeck"" rel=""nofollow"">TweetDeck</a>","","","","0","0","Pacific Time (US & Canada)","True","","","en"
"2017-02-25 15:15:53+00:00","Chris Keller","ChrisLKeller","RT @whet: i love that this is still showing up in my feed because it means someone else has watched it (and the parent science at the very","https://twitter.com/ChrisLKeller/status/835508622218014723","835508622218014723","http://pbs.twimg.com/profile_images/798907342691573760/z2dyWd0E_normal.jpg","","<a href=""http://twitter.com/download/iphone"" rel=""nofollow"">Twitter for iPhone</a>","","","","13","0","Pacific Time (US & Canada)","True","","","en"
"2017-02-25 06:26:50+00:00","Chris Keller","ChrisLKeller","Umm that's Darrell Issa... from the former GOP stronghold of the OC... https://t.co/23djI9qNNl","https://twitter.com/ChrisLKeller/status/835375485165002752","835375485165002752","http://pbs.twimg.com/profile_images/798907342691573760/z2dyWd0E_normal.jpg","","<a href=""http://twitter.com/download/iphone"" rel=""nofollow"">Twitter for iPhone</a>","","","","0","1","Pacific Time (US & Canada)","True","","","en"
"2017-02-25 06:04:20+00:00","Chris Keller","ChrisLKeller","But if you teach a goat to surf... https://t.co/J44aPLoayO","https://twitter.com/ChrisLKeller/status/835369819490824192","835369819490824192","http://pbs.twimg.com/profile_images/798907342691573760/z2dyWd0E_normal.jpg","","<a href=""http://twitter.com/download/iphone"" rel=""nofollow"">Twitter for iPhone</a>","","","","0","2","Pacific Time (US & Canada)","True","","","en"
"2017-02-25 05:57:11+00:00","Chris Keller","ChrisLKeller","RT @SunOfSeldo: Sunset was at 5.59pm today - thats 24 minutes later than it was on the 1st of February!","https://twitter.com/ChrisLKeller/status/835368022516744192","835368022516744192","http://pbs.twimg.com/profile_images/798907342691573760/z2dyWd0E_normal.jpg","","<a href=""http://twitter.com/download/iphone"" rel=""nofollow"">Twitter for iPhone</a>","","","","4","0","Pacific Time (US & Canada)","True","","","en"
"2017-02-25 05:50:02+00:00","Chris Keller","ChrisLKeller","RT @WoodyGuthrieCtr: Woody wrote the words to ""This Land Is Your Land"" on this day in 1940. America's greatest folk song is 77 years old to","https://twitter.com/ChrisLKeller/status/835366223361646592","835366223361646592","http://pbs.twimg.com/profile_images/798907342691573760/z2dyWd0E_normal.jpg","","<a href=""http://twitter.com/download/iphone"" rel=""nofollow"">Twitter for iPhone</a>","","","","409","0","Pacific Time (US & Canada)","True","","","en"
"2017-02-25 03:14:11+00:00","Chris Keller","ChrisLKeller","This seems large...?

https://t.co/PlCNz4DlMs","https://twitter.com/ChrisLKeller/status/835327002332704769","835327002332704769","http://pbs.twimg.com/profile_images/798907342691573760/z2dyWd0E_normal.jpg","","<a href=""http://twitter.com/download/iphone"" rel=""nofollow"">Twitter for iPhone</a>","","","","0","0","Pacific Time (US & Canada)","True","","","en"
"2017-02-25 00:04:51+00:00","Chris Keller","ChrisLKeller","RT @kylebuchanan: All 5 directors nominated for Best Foreign Language Film just issued a remarkable joint statement. https://t.co/3AAmpGDXfm","https://twitter.com/ChrisLKeller/status/835279353122451457","835279353122451457","http://pbs.twimg.com/profile_images/798907342691573760/z2dyWd0E_normal.jpg","","<a href=""http://twitter.com/download/iphone"" rel=""nofollow"">Twitter for iPhone</a>","","","","37925","0","Pacific Time (US & Canada)","True","","","en"
"2017-02-24 22:06:57+00:00","Chris Keller","ChrisLKeller","RT @PeterNickeas: 13 dead, 33 wounded in AK47- &amp; AR15-type rifle shootings last 12 months. 39th-47th, Halsted - California #chicago  https:","https://twitter.com/ChrisLKeller/status/835249682943094786","835249682943094786","http://pbs.twimg.com/profile_images/798907342691573760/z2dyWd0E_normal.jpg","","<a href=""https://about.twitter.com/products/tweetdeck"" rel=""nofollow"">TweetDeck</a>","","","","18","0","Pacific Time (US & Canada)","True","","","en"
"2017-02-24 22:03:40+00:00","Chris Keller","ChrisLKeller","@BowdeyaTweh: Bow!!!! Congratulations sir! So very proud and happy for you. Do good. Do well. Do it everyday!","https://twitter.com/ChrisLKeller/status/835248856400969728","835248856400969728","http://pbs.twimg.com/profile_images/798907342691573760/z2dyWd0E_normal.jpg","","<a href=""https://about.twitter.com/products/tweetdeck"" rel=""nofollow"">TweetDeck</a>","BowdeyaTweh","","","0","1","Pacific Time (US & Canada)","True","","","en"
"2017-02-24 19:16:20+00:00","Chris Keller","ChrisLKeller","RT @katepickert: This actually is fine. The important investigative reporting being broken by these outlets is not coming from gaggles with","https://twitter.com/ChrisLKeller/status/835206747606286337","835206747606286337","http://pbs.twimg.com/profile_images/798907342691573760/z2dyWd0E_normal.jpg","","<a href=""https://about.twitter.com/products/tweetdeck"" rel=""nofollow"">TweetDeck</a>","","","","33","0","Pacific Time (US & Canada)","True","","","en"
"2017-02-24 15:18:22+00:00","Chris Keller","ChrisLKeller","RT @stiles: Charting NICAR attendance over time: https://t.co/gCy2jTxOQA #NICAR17 https://t.co/l88nZ2UShL","https://twitter.com/ChrisLKeller/status/835146858670411776","835146858670411776","http://pbs.twimg.com/profile_images/798907342691573760/z2dyWd0E_normal.jpg","","<a href=""http://twitter.com/download/iphone"" rel=""nofollow"">Twitter for iPhone</a>","","","","3","0","Pacific Time (US & Canada)","True","","","en"
"2017-02-24 05:29:30+00:00","Chris Keller","ChrisLKeller","@brianboyer: I just came across my supply guide from 18 months ago today. Now this... hmmmm. Baby data journalism!","https://twitter.com/ChrisLKeller/status/834998665643094017","834998665643094017","http://pbs.twimg.com/profile_images/798907342691573760/z2dyWd0E_normal.jpg","","<a href=""http://twitter.com/download/iphone"" rel=""nofollow"">Twitter for iPhone</a>","brianboyer","834927541735546880","","0","0","Pacific Time (US & Canada)","True","","","en"
"2017-02-24 05:12:53+00:00","Chris Keller","ChrisLKeller","RT @oallenprice: For a while I was like, ""The rain sucks but it's good for the earth!"" but now it's just, ""f*** it."" https://t.co/XLxkHKyFSL","https://twitter.com/ChrisLKeller/status/834994484945399808","834994484945399808","http://pbs.twimg.com/profile_images/798907342691573760/z2dyWd0E_normal.jpg","","<a href=""http://twitter.com/download/iphone"" rel=""nofollow"">Twitter for iPhone</a>","","","","1","0","Pacific Time (US & Canada)","True","","","en"
"2017-02-24 02:12:27+00:00","Chris Keller","ChrisLKeller","@dansinker: Have been seeking them out here on the west coast and have come across ponchiks which appear to be paczki's cousin from Armenia.","https://twitter.com/ChrisLKeller/status/834949079918510081","834949079918510081","http://pbs.twimg.com/profile_images/798907342691573760/z2dyWd0E_normal.jpg","","<a href=""http://twitter.com/download/iphone"" rel=""nofollow"">Twitter for iPhone</a>","dansinker","834914845787058177","","0","0","Pacific Time (US & Canada)","True","","","en"
"2017-02-24 01:13:26+00:00","Chris Keller","ChrisLKeller","@knowtheory: Why y no Wisco though? Cheese curds - deep-fried and squeaky - await you Ted... they're waiting for you...","https://twitter.com/ChrisLKeller/status/834934227653148672","834934227653148672","http://pbs.twimg.com/profile_images/798907342691573760/z2dyWd0E_normal.jpg","","<a href=""http://twitter.com/download/iphone"" rel=""nofollow"">Twitter for iPhone</a>","knowtheory","834933492962074624","","0","0","Pacific Time (US & Canada)","True","","","en"
"2017-02-23 23:39:19+00:00","Chris Keller","ChrisLKeller","@vyki_e @awalkerinLA: What's the flipside of the eviction one look like?","https://twitter.com/ChrisLKeller/status/834910539260141568","834910539260141568","http://pbs.twimg.com/profile_images/798907342691573760/z2dyWd0E_normal.jpg","","<a href=""http://twitter.com/download/iphone"" rel=""nofollow"">Twitter for iPhone</a>","vyki_e","834898858995900416","","0","0","Pacific Time (US & Canada)","True","","","en"
"2017-02-23 23:38:50+00:00","Chris Keller","ChrisLKeller","@a_mendelson ... #WhoMailedIt... https://t.co/dYs08XGUum","https://twitter.com/ChrisLKeller/status/834910419579887618","834910419579887618","http://pbs.twimg.com/profile_images/798907342691573760/z2dyWd0E_normal.jpg","","<a href=""http://twitter.com/download/iphone"" rel=""nofollow"">Twitter for iPhone</a>","a_mendelson","","","0","0","Pacific Time (US & Canada)","True","","","und"
"2017-02-23 22:53:56+00:00","Chris Keller","ChrisLKeller","Our @KPCCRina911 spoke with Jazmyne's family about her death for our 2015 #OfficerInvolved project: https://t.co/T9y83enQG2","https://twitter.com/ChrisLKeller/status/834899118229086212","834899118229086212","http://pbs.twimg.com/profile_images/798907342691573760/z2dyWd0E_normal.jpg","","<a href=""https://about.twitter.com/products/tweetdeck"" rel=""nofollow"">TweetDeck</a>","","","","1","0","Pacific Time (US & Canada)","True","","","en"
"2017-02-23 21:58:50+00:00","Chris Keller","ChrisLKeller","@jeremybowers: because admin...?","https://twitter.com/ChrisLKeller/status/834885255534284800","834885255534284800","http://pbs.twimg.com/profile_images/798907342691573760/z2dyWd0E_normal.jpg","","<a href=""http://twitter.com/download/iphone"" rel=""nofollow"">Twitter for iPhone</a>","jeremybowers","834882446961278976","","0","1","Pacific Time (US & Canada)","True","","","en"
"2017-02-23 20:16:54+00:00","Chris Keller","ChrisLKeller","RT @BraddJaffy: Well this is a new one. Basically Spicer says here -- don't take Trump literally, take him adjectively. https://t.co/3IWTnU","https://twitter.com/ChrisLKeller/status/834859602604806145","834859602604806145","http://pbs.twimg.com/profile_images/798907342691573760/z2dyWd0E_normal.jpg","","<a href=""https://about.twitter.com/products/tweetdeck"" rel=""nofollow"">TweetDeck</a>","","","","327","0","Pacific Time (US & Canada)","True","","","en"
"2017-02-23 19:37:24+00:00","Chris Keller","ChrisLKeller","@LeahFessler ... Saw your article and am trying to program some Alexa responses to harassing language... Any ideas? https://t.co/88wrEU4e5m","https://twitter.com/ChrisLKeller/status/834849658505658368","834849658505658368","http://pbs.twimg.com/profile_images/798907342691573760/z2dyWd0E_normal.jpg","","<a href=""https://about.twitter.com/products/tweetdeck"" rel=""nofollow"">TweetDeck</a>","LeahFessler","","","0","0","Pacific Time (US & Canada)","True","","","en"
"2017-02-23 19:36:07+00:00","Chris Keller","ChrisLKeller","@martha_c_daniel: Yes! Thank you. 

Added! https://t.co/hEZzlVPqkp","https://twitter.com/ChrisLKeller/status/834849336634793989","834849336634793989","http://pbs.twimg.com/profile_images/798907342691573760/z2dyWd0E_normal.jpg","","<a href=""https://about.twitter.com/products/tweetdeck"" rel=""nofollow"">TweetDeck</a>","martha_c_daniel","834848348284846081","","0","1","Pacific Time (US & Canada)","True","","","en"
"2017-02-23 19:30:29+00:00","Chris Keller","ChrisLKeller","But crowdsourcing potential responses could be all kinds of fun... Send em my way yeah? https://t.co/Z59wtCecRI","https://twitter.com/ChrisLKeller/status/834847922038652930","834847922038652930","http://pbs.twimg.com/profile_images/798907342691573760/z2dyWd0E_normal.jpg","","<a href=""https://about.twitter.com/products/tweetdeck"" rel=""nofollow"">TweetDeck</a>","ChrisLKeller","834846433027067904","","1","1","Pacific Time (US & Canada)","True","","","en"
"2017-02-23 19:24:34+00:00","Chris Keller","ChrisLKeller","Building possible insults into an Alexa skill to combat harassing behavior is part empowering, part depressing. https://t.co/kudvj05FFD","https://twitter.com/ChrisLKeller/status/834846433027067904","834846433027067904","http://pbs.twimg.com/profile_images/798907342691573760/z2dyWd0E_normal.jpg","","<a href=""https://about.twitter.com/products/tweetdeck"" rel=""nofollow"">TweetDeck</a>","ChrisLKeller","834834783662329857","","0","1","Pacific Time (US & Canada)","True","","","en"
"2017-02-23 18:55:06+00:00","Chris Keller","ChrisLKeller","In another piece @a_mendelson looked at the number of women in the Calif. statehouse...

https://t.co/HadsW8fRHO

&amp; https://t.co/ng9rXWJddU","https://twitter.com/ChrisLKeller/status/834839016100945921","834839016100945921","http://pbs.twimg.com/profile_images/798907342691573760/z2dyWd0E_normal.jpg","","<a href=""https://about.twitter.com/products/tweetdeck"" rel=""nofollow"">TweetDeck</a>","","","","1","1","Pacific Time (US & Canada)","True","","","en"
"2017-02-23 18:38:17+00:00","Chris Keller","ChrisLKeller","Thinking of some ways to combat harassing language in the couple of Alexa skills I've made... this could get intere https://t.co/lLVSfU80sB","https://twitter.com/ChrisLKeller/status/834834783662329857","834834783662329857","http://pbs.twimg.com/profile_images/798907342691573760/z2dyWd0E_normal.jpg","","<a href=""http://twitter.com/download/iphone"" rel=""nofollow"">Twitter for iPhone</a>","","","","0","0","Pacific Time (US & Canada)","True","","","en"
"2017-02-23 17:43:14+00:00","Chris Keller","ChrisLKeller","RT @jonathanstray: Journalists: you are a target like never before. Have you enabled two-step logins on your accounts yet? https://t.co/yZH","https://twitter.com/ChrisLKeller/status/834820928550817792","834820928550817792","http://pbs.twimg.com/profile_images/798907342691573760/z2dyWd0E_normal.jpg","","<a href=""https://about.twitter.com/products/tweetdeck"" rel=""nofollow"">TweetDeck</a>","","","","6","0","Pacific Time (US & Canada)","True","","","en"
"2017-02-23 17:42:16+00:00","Chris Keller","ChrisLKeller","ALSO FASTNACHT DAY!!!","https://twitter.com/ChrisLKeller/status/834820684756901888","834820684756901888","http://pbs.twimg.com/profile_images/798907342691573760/z2dyWd0E_normal.jpg","","<a href=""https://about.twitter.com/products/tweetdeck"" rel=""nofollow"">TweetDeck</a>","ChrisLKeller","834820262533095424","","0","0","Pacific Time (US & Canada)","True","","","de"
"2017-02-23 17:40:35+00:00","Chris Keller","ChrisLKeller","PACZKI DAY IS COMING!!!!!! https://t.co/EjZymVr0cM","https://twitter.com/ChrisLKeller/status/834820262533095424","834820262533095424","http://pbs.twimg.com/profile_images/798907342691573760/z2dyWd0E_normal.jpg","","<a href=""https://about.twitter.com/products/tweetdeck"" rel=""nofollow"">TweetDeck</a>","","","","0","1","Pacific Time (US & Canada)","True","","","pl"
"2017-02-23 00:13:22+00:00","Chris Keller","ChrisLKeller","There are days when I'm writing code all like Rick Wakeman at the keyboard. On others I have no idea what I am doing. Today is the latter.","https://twitter.com/ChrisLKeller/status/834556720894521350","834556720894521350","http://pbs.twimg.com/profile_images/798907342691573760/z2dyWd0E_normal.jpg","","<a href=""https://about.twitter.com/products/tweetdeck"" rel=""nofollow"">TweetDeck</a>","","","","0","0","Pacific Time (US & Canada)","True","","","en"
"2017-02-22 23:40:47+00:00","Chris Keller","ChrisLKeller","@thejefflarson: VM inception... love it.","https://twitter.com/ChrisLKeller/status/834548524217806848","834548524217806848","http://pbs.twimg.com/profile_images/798907342691573760/z2dyWd0E_normal.jpg","","<a href=""https://about.twitter.com/products/tweetdeck"" rel=""nofollow"">TweetDeck</a>","thejefflarson","834544497044373509","","0","0","Pacific Time (US & Canada)","True","","","en"
"2017-02-22 21:57:13+00:00","Chris Keller","ChrisLKeller","@PennyRed: ""most of this crew dont have the gumption or street smarts to function outside of a Reddit forum"" is all-timer. Love your voice.","https://twitter.com/ChrisLKeller/status/834522457830600704","834522457830600704","http://pbs.twimg.com/profile_images/798907342691573760/z2dyWd0E_normal.jpg","","<a href=""http://twitter.com/download/iphone"" rel=""nofollow"">Twitter for iPhone</a>","PennyRed","","","0","1","Pacific Time (US & Canada)","True","","","en"
"2017-02-22 21:43:45+00:00","Chris Keller","ChrisLKeller","@The_Dean: It's 65 degrees in Madison today? I say we meet on the terrace for a cold one.","https://twitter.com/ChrisLKeller/status/834519069113978881","834519069113978881","http://pbs.twimg.com/profile_images/798907342691573760/z2dyWd0E_normal.jpg","","<a href=""https://about.twitter.com/products/tweetdeck"" rel=""nofollow"">TweetDeck</a>","The_Dean","834409800373006339","","0","1","Pacific Time (US & Canada)","True","","","en"
"2017-02-22 17:08:20+00:00","Chris Keller","ChrisLKeller","Wonder if these air raid sirens are still operational...

https://t.co/6qJiRAnicm","https://twitter.com/ChrisLKeller/status/834449760543051777","834449760543051777","http://pbs.twimg.com/profile_images/798907342691573760/z2dyWd0E_normal.jpg","","<a href=""https://about.twitter.com/products/tweetdeck"" rel=""nofollow"">TweetDeck</a>","","","","0","0","Pacific Time (US & Canada)","True","","","en"
"2017-02-22 17:06:08+00:00","Chris Keller","ChrisLKeller","RT @juz44: Ed Garvey, labor lawyer and progressive firebrand, has died https://t.co/HjJzT5vnCv https://t.co/YhYrt5Nq1q","https://twitter.com/ChrisLKeller/status/834449207289274369","834449207289274369","http://pbs.twimg.com/profile_images/798907342691573760/z2dyWd0E_normal.jpg","","<a href=""https://about.twitter.com/products/tweetdeck"" rel=""nofollow"">TweetDeck</a>","","","","1","0","Pacific Time (US & Canada)","True","","","en"
"2017-02-22 17:05:21+00:00","Chris Keller","ChrisLKeller","RT @tasneemraja: How do Siri, Alexa, and Cortana deal with sexual harassment? @LeahFessler said mean things to them to find out. https://t.","https://twitter.com/ChrisLKeller/status/834449008974143489","834449008974143489","http://pbs.twimg.com/profile_images/798907342691573760/z2dyWd0E_normal.jpg","","<a href=""https://about.twitter.com/products/tweetdeck"" rel=""nofollow"">TweetDeck</a>","","","","1","0","Pacific Time (US & Canada)","True","","","en"
"2017-02-22 08:39:02+00:00","Chris Keller","ChrisLKeller","RT @jonathanstray: The Marshall Project has balanced reporting of recent increase in immigrant arrests. https://t.co/LKJwDVt1Ta","https://twitter.com/ChrisLKeller/status/834321591349579778","834321591349579778","http://pbs.twimg.com/profile_images/798907342691573760/z2dyWd0E_normal.jpg","","<a href=""http://twitter.com/download/iphone"" rel=""nofollow"">Twitter for iPhone</a>","","","","38","0","Pacific Time (US & Canada)","True","","","en"
"2017-02-22 08:33:12+00:00","Chris Keller","ChrisLKeller","Rep. Dave Brat (R-Va.) cites ""obstruction"" in an environment where a single party controls everything: https://t.co/DzEQSL0jGR","https://twitter.com/ChrisLKeller/status/834320122688835584","834320122688835584","http://pbs.twimg.com/profile_images/798907342691573760/z2dyWd0E_normal.jpg","","<a href=""http://twitter.com/download/iphone"" rel=""nofollow"">Twitter for iPhone</a>","","","","0","1","Pacific Time (US & Canada)","True","","","en"
"2017-02-22 08:15:28+00:00","Chris Keller","ChrisLKeller","RT @LAcrimes: A year after 20 bullets strike couple in fatal Inglewood police shooting, questions remain https://t.co/tbLRyvEXxs @angeljenn","https://twitter.com/ChrisLKeller/status/834315659068665856","834315659068665856","http://pbs.twimg.com/profile_images/798907342691573760/z2dyWd0E_normal.jpg","","<a href=""http://twitter.com/download/iphone"" rel=""nofollow"">Twitter for iPhone</a>","","","","3","0","Pacific Time (US & Canada)","True","","","en"
"2017-02-22 08:15:16+00:00","Chris Keller","ChrisLKeller","@BLMLA: to be fair, I didn't ask.

LA Times write up seems pretty comprehensive given how little information is out: https://t.co/xYJYEKk39m","https://twitter.com/ChrisLKeller/status/834315608820838400","834315608820838400","http://pbs.twimg.com/profile_images/798907342691573760/z2dyWd0E_normal.jpg","","<a href=""http://twitter.com/download/iphone"" rel=""nofollow"">Twitter for iPhone</a>","BLMLA","834230217925222400","","0","0","Pacific Time (US & Canada)","True","","","en"
"2017-02-21 22:14:08+00:00","Chris Keller","ChrisLKeller","RT @yashar: This is what I've been trying to say for the longest time! 
cc:  @ClaraJeffery https://t.co/FYxojB9GtX","https://twitter.com/ChrisLKeller/status/834164328068632577","834164328068632577","http://pbs.twimg.com/profile_images/798907342691573760/z2dyWd0E_normal.jpg","","<a href=""https://about.twitter.com/products/tweetdeck"" rel=""nofollow"">TweetDeck</a>","","","","109","0","Pacific Time (US & Canada)","True","","","en"
"2017-02-21 20:30:34+00:00","Chris Keller","ChrisLKeller","RT @tylrfishr: Our ethics monitor is here: https://t.co/IjDC2Es3bV

We are solely seeing if he is living up to his own words. https://t.co/","https://twitter.com/ChrisLKeller/status/834138264281894912","834138264281894912","http://pbs.twimg.com/profile_images/798907342691573760/z2dyWd0E_normal.jpg","","<a href=""http://twitter.com/download/iphone"" rel=""nofollow"">Twitter for iPhone</a>","","","","4","0","Pacific Time (US & Canada)","True","","","en"
"2017-02-21 17:27:40+00:00","Chris Keller","ChrisLKeller","RT @palewire: Example of how when you treat your journalism like data and structure it properly, you can roll it for aggregation, analysis,","https://twitter.com/ChrisLKeller/status/834092237084438528","834092237084438528","http://pbs.twimg.com/profile_images/798907342691573760/z2dyWd0E_normal.jpg","","<a href=""http://twitter.com/download/iphone"" rel=""nofollow"">Twitter for iPhone</a>","","","","50","0","Pacific Time (US & Canada)","True","","","en"
"2017-02-21 15:16:56+00:00","Chris Keller","ChrisLKeller","Last week I learned the Inglewood PD sent its investigation of this OIS to the LA County DA's Office in early Novem https://t.co/p6JPDRd7fi","https://twitter.com/ChrisLKeller/status/834059335055482880","834059335055482880","http://pbs.twimg.com/profile_images/798907342691573760/z2dyWd0E_normal.jpg","","<a href=""http://twitter.com/download/iphone"" rel=""nofollow"">Twitter for iPhone</a>","","","","0","0","Pacific Time (US & Canada)","True","","","en"
"2017-02-21 15:03:33+00:00","Chris Keller","ChrisLKeller","RT @ElaineF: Tech: we are totally data driven, we do everything based on the data

Also tech: it's too hard to tell if women are retained o","https://twitter.com/ChrisLKeller/status/834055966245007361","834055966245007361","http://pbs.twimg.com/profile_images/798907342691573760/z2dyWd0E_normal.jpg","","<a href=""http://twitter.com/download/iphone"" rel=""nofollow"">Twitter for iPhone</a>","","","","2928","0","Pacific Time (US & Canada)","True","","","en"
"2017-02-21 15:01:32+00:00","Chris Keller","ChrisLKeller","Makes me think Adbusters can appeal to a whole new audience and generation here in 2017... https://t.co/BmVMmhnkp1","https://twitter.com/ChrisLKeller/status/834055458948149248","834055458948149248","http://pbs.twimg.com/profile_images/798907342691573760/z2dyWd0E_normal.jpg","","<a href=""http://twitter.com/download/iphone"" rel=""nofollow"">Twitter for iPhone</a>","","","","0","0","Pacific Time (US & Canada)","True","","","en"
"2017-02-21 04:54:02+00:00","Chris Keller","ChrisLKeller","RT @MatthewACherry: Black women unbothered by the police: A Photo Series #BlackHistoryMonth https://t.co/n3XldzCUZ5","https://twitter.com/ChrisLKeller/status/833902577288818688","833902577288818688","http://pbs.twimg.com/profile_images/798907342691573760/z2dyWd0E_normal.jpg","","<a href=""http://twitter.com/download/iphone"" rel=""nofollow"">Twitter for iPhone</a>","","","","43908","0","Pacific Time (US & Canada)","True","","","en"
"2017-02-21 02:17:25+00:00","Chris Keller","ChrisLKeller","@Max_Fisher: Um I just stumbled upon this and have to say YAH MO YACHT ROCK PLEASE!","https://twitter.com/ChrisLKeller/status/833863163888021505","833863163888021505","http://pbs.twimg.com/profile_images/798907342691573760/z2dyWd0E_normal.jpg","","<a href=""http://twitter.com/download/iphone"" rel=""nofollow"">Twitter for iPhone</a>","Max_Fisher","833842783320469505","","0","0","Pacific Time (US & Canada)","True","","","en"
"2017-02-21 01:00:34+00:00","Chris Keller","ChrisLKeller","This is heartbreaking and a reminder of how we can impact the lives of so many simply by being kind and patient and https://t.co/ii4QeNDcog","https://twitter.com/ChrisLKeller/status/833843822563979264","833843822563979264","http://pbs.twimg.com/profile_images/798907342691573760/z2dyWd0E_normal.jpg","","<a href=""http://twitter.com/download/iphone"" rel=""nofollow"">Twitter for iPhone</a>","","","","1","2","Pacific Time (US & Canada)","True","","","en"
"2017-02-21 00:58:06+00:00","Chris Keller","ChrisLKeller","Heading into year three of a bad back. Stretching, core exercises and a heating pad have been life changing. Oh and https://t.co/BXtfgr1Tni","https://twitter.com/ChrisLKeller/status/833843205435072512","833843205435072512","http://pbs.twimg.com/profile_images/798907342691573760/z2dyWd0E_normal.jpg","","<a href=""http://twitter.com/download/iphone"" rel=""nofollow"">Twitter for iPhone</a>","","","","0","0","Pacific Time (US & Canada)","True","","","en"
"2017-02-20 21:29:10+00:00","Chris Keller","ChrisLKeller","Also quicksand https://t.co/YqmdcQOPGM","https://twitter.com/ChrisLKeller/status/833790625283661824","833790625283661824","http://pbs.twimg.com/profile_images/798907342691573760/z2dyWd0E_normal.jpg","","<a href=""http://twitter.com/download/iphone"" rel=""nofollow"">Twitter for iPhone</a>","","","","0","2","Pacific Time (US & Canada)","True","","","en"
"2017-02-18 21:38:34+00:00","Chris Keller","ChrisLKeller","Madison is gonna miss its own Funky Drummer. Mondays meant the King Club, a drink and Clyde doing his thing. RIP Mr. Stubblefield.","https://twitter.com/ChrisLKeller/status/833068215127248896","833068215127248896","http://pbs.twimg.com/profile_images/798907342691573760/z2dyWd0E_normal.jpg","","<a href=""http://twitter.com/#!/download/ipad"" rel=""nofollow"">Twitter for iPad</a>","","","","0","0","Pacific Time (US & Canada)","True","","","en"
"2017-02-18 05:50:31+00:00","Chris Keller","ChrisLKeller","RT @sbstryker: These 13 seconds of girls getting a rat out of the house have:
 Character Development
 Major Plot Twist
 Pass Bechdel Tes","https://twitter.com/ChrisLKeller/status/832829627978559488","832829627978559488","http://pbs.twimg.com/profile_images/798907342691573760/z2dyWd0E_normal.jpg","","<a href=""https://about.twitter.com/products/tweetdeck"" rel=""nofollow"">TweetDeck</a>","","","","5740","0","Pacific Time (US & Canada)","True","","","en"
"2017-02-18 05:49:08+00:00","Chris Keller","ChrisLKeller","RT @jessicaplautz: Best thing I've ever seen https://t.co/0MJqZQLIqk","https://twitter.com/ChrisLKeller/status/832829280132292608","832829280132292608","http://pbs.twimg.com/profile_images/798907342691573760/z2dyWd0E_normal.jpg","","<a href=""https://about.twitter.com/products/tweetdeck"" rel=""nofollow"">TweetDeck</a>","","","","1","0","Pacific Time (US & Canada)","True","","","en"
"2017-02-18 05:44:17+00:00","Chris Keller","ChrisLKeller","RT @abc7robmcmillan: INCREDIBLE VIDEO: part of SB I-15 is washed away; fire engine tumbles off the side; fortunately no one hurt https://t.","https://twitter.com/ChrisLKeller/status/832828060898467840","832828060898467840","http://pbs.twimg.com/profile_images/798907342691573760/z2dyWd0E_normal.jpg","","<a href=""https://about.twitter.com/products/tweetdeck"" rel=""nofollow"">TweetDeck</a>","","","","4928","0","Pacific Time (US & Canada)","True","","","en"
"2017-02-18 04:47:48+00:00","Chris Keller","ChrisLKeller","RT @EPN473: Fire engine hanging off the edge of I-15 south of the 138, all FFs safe. #LARain #Breakingnews https://t.co/450wpfBiAK","https://twitter.com/ChrisLKeller/status/832813845601099776","832813845601099776","http://pbs.twimg.com/profile_images/798907342691573760/z2dyWd0E_normal.jpg","","<a href=""https://about.twitter.com/products/tweetdeck"" rel=""nofollow"">TweetDeck</a>","","","","20","0","Pacific Time (US & Canada)","True","","","en"
"2017-02-18 03:17:20+00:00","Chris Keller","ChrisLKeller","@JessicaHamlinB: it was quite something to watch them just take flight... Getting hit in the head would be painful.","https://twitter.com/ChrisLKeller/status/832791081385222146","832791081385222146","http://pbs.twimg.com/profile_images/798907342691573760/z2dyWd0E_normal.jpg","","<a href=""http://twitter.com/download/iphone"" rel=""nofollow"">Twitter for iPhone</a>","JessicaHamlinB","832752584960008192","","0","0","Pacific Time (US & Canada)","True","","","en"
"2017-02-18 02:11:35+00:00","Chris Keller","ChrisLKeller","As the once a year ""Thunder in LA"" was just heard I will now crawl under the covers and start to sleep...","https://twitter.com/ChrisLKeller/status/832774531588567041","832774531588567041","http://pbs.twimg.com/profile_images/798907342691573760/z2dyWd0E_normal.jpg","","<a href=""https://about.twitter.com/products/tweetdeck"" rel=""nofollow"">TweetDeck</a>","","","","0","0","Pacific Time (US & Canada)","True","","","en"
"2017-02-17 21:57:57+00:00","Chris Keller","ChrisLKeller","Watching these fall from this palm tree is both awesome and ultra scary at the same time... https://t.co/1EYQfGQ8gj","https://twitter.com/ChrisLKeller/status/832710704935292929","832710704935292929","http://pbs.twimg.com/profile_images/798907342691573760/z2dyWd0E_normal.jpg","","<a href=""http://twitter.com/download/iphone"" rel=""nofollow"">Twitter for iPhone</a>","","","","3","7","Pacific Time (US & Canada)","True","","","en"
"2017-02-17 20:40:38+00:00","Chris Keller","ChrisLKeller","Want hourly @KPCC headlines delivered to your #alexa enabled device? It's now available as a flash briefing. Here's https://t.co/LPx6BTaynk","https://twitter.com/ChrisLKeller/status/832691247751925763","832691247751925763","http://pbs.twimg.com/profile_images/798907342691573760/z2dyWd0E_normal.jpg","","<a href=""http://twitter.com"" rel=""nofollow"">Twitter Web Client</a>","","","","2","7","Pacific Time (US & Canada)","True","","","en"
"2017-02-17 20:22:35+00:00","Chris Keller","ChrisLKeller","RT @AshleyAlvarado: Looking for a summer #internship? Come join the @KPCC team! https://t.co/Uw3Cof91fN #mediadiversity #nabj #nahj #aaja #","https://twitter.com/ChrisLKeller/status/832686702544064512","832686702544064512","http://pbs.twimg.com/profile_images/798907342691573760/z2dyWd0E_normal.jpg","","<a href=""https://about.twitter.com/products/tweetdeck"" rel=""nofollow"">TweetDeck</a>","","","","4","0","Pacific Time (US & Canada)","True","","","en"
"2017-02-17 17:57:02+00:00","Chris Keller","ChrisLKeller","If I wanted to catch leakers this I how I'd do... Wait and see who outs themselves with docs or bits of information https://t.co/PhMZ2tWNLs","https://twitter.com/ChrisLKeller/status/832650075620794369","832650075620794369","http://pbs.twimg.com/profile_images/798907342691573760/z2dyWd0E_normal.jpg","","<a href=""https://about.twitter.com/products/tweetdeck"" rel=""nofollow"">TweetDeck</a>","","","","0","1","Pacific Time (US & Canada)","True","","","en"
"2017-02-17 17:19:01+00:00","Chris Keller","ChrisLKeller","@KrisMul: Sometime I'll tell you about 17-year-old me hitting a patch of freeing rain &amp; spinning around a couples times on Hwy 151 at 65 mph","https://twitter.com/ChrisLKeller/status/832640507821977600","832640507821977600","http://pbs.twimg.com/profile_images/798907342691573760/z2dyWd0E_normal.jpg","","<a href=""https://about.twitter.com/products/tweetdeck"" rel=""nofollow"">TweetDeck</a>","KrisMul","832638765654953984","","0","0","Pacific Time (US & Canada)","True","","","en"
"2017-02-17 16:28:44+00:00","Chris Keller","ChrisLKeller","RT @radleybalko: Leak an abhorrent policy under consideration. Refuse comment when queried. After publication, declare policy absurd, scold","https://twitter.com/ChrisLKeller/status/832627853359341568","832627853359341568","http://pbs.twimg.com/profile_images/798907342691573760/z2dyWd0E_normal.jpg","","<a href=""http://twitter.com/download/iphone"" rel=""nofollow"">Twitter for iPhone</a>","","","","723","0","Pacific Time (US & Canada)","True","","","en"
"2017-02-17 16:26:31+00:00","Chris Keller","ChrisLKeller","RT @DavidBrockley: @pbump @jamesrbuk If multiple versions turn up with diff spelling/word-choice, then its a canary to catch a leaker.","https://twitter.com/ChrisLKeller/status/832627294103482369","832627294103482369","http://pbs.twimg.com/profile_images/798907342691573760/z2dyWd0E_normal.jpg","","<a href=""http://twitter.com/download/iphone"" rel=""nofollow"">Twitter for iPhone</a>","","","","5","0","Pacific Time (US & Canada)","True","","","en"
"2017-02-17 16:23:08+00:00","Chris Keller","ChrisLKeller","Oh, oh... Posse Comitatus. Is it time to talk Posse Comitatus Act...?

There are exceptions for National Guard in home state or if invited.","https://twitter.com/ChrisLKeller/status/832626446128418816","832626446128418816","http://pbs.twimg.com/profile_images/798907342691573760/z2dyWd0E_normal.jpg","","<a href=""http://twitter.com/download/iphone"" rel=""nofollow"">Twitter for iPhone</a>","","","","0","0","Pacific Time (US & Canada)","True","","","en"
"2017-02-17 15:57:22+00:00","Chris Keller","ChrisLKeller","RT @ElephantsDaiIy: a baby elephant at the zoo got a box of hay for her 6 month birthday and she got so happy that she fell over   https:","https://twitter.com/ChrisLKeller/status/832619959448543239","832619959448543239","http://pbs.twimg.com/profile_images/798907342691573760/z2dyWd0E_normal.jpg","","<a href=""http://twitter.com/download/iphone"" rel=""nofollow"">Twitter for iPhone</a>","","","","7242","0","Pacific Time (US & Canada)","True","","","en"
"2017-02-17 15:48:54+00:00","Chris Keller","ChrisLKeller","RT @GPIngersoll: An officer actually issued a memo banning Nickleback's music in the command post. https://t.co/4nAQVwRli2","https://twitter.com/ChrisLKeller/status/832617830864465920","832617830864465920","http://pbs.twimg.com/profile_images/798907342691573760/z2dyWd0E_normal.jpg","","<a href=""http://twitter.com/download/iphone"" rel=""nofollow"">Twitter for iPhone</a>","","","","1594","0","Pacific Time (US & Canada)","True","","","en"
"2017-02-17 06:16:30+00:00","Chris Keller","ChrisLKeller","Doesn't he know the limited and generally insular audience that is the twitter? It's all bots and journos yeah? https://t.co/kx0hEv9OVe","https://twitter.com/ChrisLKeller/status/832473779297087492","832473779297087492","http://pbs.twimg.com/profile_images/798907342691573760/z2dyWd0E_normal.jpg","","<a href=""http://twitter.com/#!/download/ipad"" rel=""nofollow"">Twitter for iPad</a>","","","","0","1","Pacific Time (US & Canada)","True","","","en"
"2017-02-17 04:03:20+00:00","Chris Keller","ChrisLKeller","@benlkeith: Oh that's an idea... I think her stomach needs to mature a bit first before I go all spam on her...","https://twitter.com/ChrisLKeller/status/832440269400215553","832440269400215553","http://pbs.twimg.com/profile_images/798907342691573760/z2dyWd0E_normal.jpg","","<a href=""http://twitter.com/download/iphone"" rel=""nofollow"">Twitter for iPhone</a>","benlkeith","832427837248380928","","0","0","Pacific Time (US & Canada)","True","","","en"
"2017-02-17 04:02:16+00:00","Chris Keller","ChrisLKeller","@derekwillis: Started playing a couple years ago again after a similar hiatus. A good heating pad has done wonders.","https://twitter.com/ChrisLKeller/status/832440000776073216","832440000776073216","http://pbs.twimg.com/profile_images/798907342691573760/z2dyWd0E_normal.jpg","","<a href=""http://twitter.com/download/iphone"" rel=""nofollow"">Twitter for iPhone</a>","derekwillis","832425243356626945","","0","1","Pacific Time (US & Canada)","True","","","en"
"2017-02-17 03:05:36+00:00","Chris Keller","ChrisLKeller","@erika_owens: Most certainly... Dad throughly enjoyed the meal too...","https://twitter.com/ChrisLKeller/status/832425740306051072","832425740306051072","http://pbs.twimg.com/profile_images/798907342691573760/z2dyWd0E_normal.jpg","","<a href=""http://twitter.com/download/iphone"" rel=""nofollow"">Twitter for iPhone</a>","erika_owens","832424303450791941","","0","0","Pacific Time (US & Canada)","True","","","en"
"2017-02-17 02:54:49+00:00","Chris Keller","ChrisLKeller","Did what I could tonight to encourage a lifelong love affair of hot dogs and mac &amp; cheese... #SatisfiedEater https://t.co/ZeMyGQ36iw","https://twitter.com/ChrisLKeller/status/832423026721333248","832423026721333248","http://pbs.twimg.com/profile_images/798907342691573760/z2dyWd0E_normal.jpg","","<a href=""http://twitter.com/download/iphone"" rel=""nofollow"">Twitter for iPhone</a>","","","","0","5","Pacific Time (US & Canada)","True","","","en"
"2017-02-16 23:37:34+00:00","Chris Keller","ChrisLKeller","@AndreaJGardner @maurawalz https://t.co/kHl0FflHVs","https://twitter.com/ChrisLKeller/status/832373385199890432","832373385199890432","http://pbs.twimg.com/profile_images/798907342691573760/z2dyWd0E_normal.jpg","","<a href=""https://about.twitter.com/products/tweetdeck"" rel=""nofollow"">TweetDeck</a>","AndreaJGardner","","","0","0","Pacific Time (US & Canada)","True","","","und"
"2017-02-16 23:34:28+00:00","Chris Keller","ChrisLKeller","RT @RiegerReport: Fox News Shepard Smith hammers Trump &amp; sticks up for CNN https://t.co/nVrOy8RuvN","https://twitter.com/ChrisLKeller/status/832372603436224513","832372603436224513","http://pbs.twimg.com/profile_images/798907342691573760/z2dyWd0E_normal.jpg","","<a href=""https://about.twitter.com/products/tweetdeck"" rel=""nofollow"">TweetDeck</a>","","","","14088","0","Pacific Time (US & Canada)","True","","","en"
"2017-02-16 22:45:27+00:00","Chris Keller","ChrisLKeller","RT @A_L: Thread of @SND #nicar17 goodness 

https://t.co/GErvei3aDf","https://twitter.com/ChrisLKeller/status/832360270051700736","832360270051700736","http://pbs.twimg.com/profile_images/798907342691573760/z2dyWd0E_normal.jpg","","<a href=""http://twitter.com/download/iphone"" rel=""nofollow"">Twitter for iPhone</a>","","","","2","0","Pacific Time (US & Canada)","True","","","en"
"2017-02-16 19:37:12+00:00","Chris Keller","ChrisLKeller","@bykowicz: Wait - a real honest to goodness survey... What are the questions? Do you have a link you can share?","https://twitter.com/ChrisLKeller/status/832312894553329664","832312894553329664","http://pbs.twimg.com/profile_images/798907342691573760/z2dyWd0E_normal.jpg","","<a href=""https://about.twitter.com/products/tweetdeck"" rel=""nofollow"">TweetDeck</a>","bykowicz","832310946110464000","","0","0","Pacific Time (US & Canada)","True","","","en"
"2017-02-16 19:26:24+00:00","Chris Keller","ChrisLKeller","RT @alanalevinson: 



   /     

)

        

 

         

 

         

","https://twitter.com/ChrisLKeller/status/832310177982394369","832310177982394369","http://pbs.twimg.com/profile_images/798907342691573760/z2dyWd0E_normal.jpg","","<a href=""https://about.twitter.com/products/tweetdeck"" rel=""nofollow"">TweetDeck</a>","","","","78","0","Pacific Time (US & Canada)","True","","","und"
"2017-02-16 19:25:55+00:00","Chris Keller","ChrisLKeller","@jeremybowers: In only a specific timezone, or all timezones?","https://twitter.com/ChrisLKeller/status/832310055793930240","832310055793930240","http://pbs.twimg.com/profile_images/798907342691573760/z2dyWd0E_normal.jpg","","<a href=""https://about.twitter.com/products/tweetdeck"" rel=""nofollow"">TweetDeck</a>","jeremybowers","832309755397931008","","0","1","Pacific Time (US & Canada)","True","","","en"
"2017-02-16 19:19:05+00:00","Chris Keller","ChrisLKeller","@ezass: Yes!!!!","https://twitter.com/ChrisLKeller/status/832308335152025600","832308335152025600","http://pbs.twimg.com/profile_images/798907342691573760/z2dyWd0E_normal.jpg","","<a href=""https://about.twitter.com/products/tweetdeck"" rel=""nofollow"">TweetDeck</a>","ezass","832308185633415168","","0","0","Pacific Time (US & Canada)","True","","","und"
"2017-02-16 19:18:49+00:00","Chris Keller","ChrisLKeller","RT @JProskowGlobal: Trying to pick a headline from this press conference https://t.co/J3IbBQ2Jlr","https://twitter.com/ChrisLKeller/status/832308267569131520","832308267569131520","http://pbs.twimg.com/profile_images/798907342691573760/z2dyWd0E_normal.jpg","","<a href=""https://about.twitter.com/products/tweetdeck"" rel=""nofollow"">TweetDeck</a>","","","","6178","0","Pacific Time (US & Canada)","True","","","en"
"2017-02-16 19:16:41+00:00","Chris Keller","ChrisLKeller","RT @JonDavenport1: Ppl interested in @planetmoney, The Big Short, or the ins/outs of the 08 crisis (re: American greed) listen to @audible_","https://twitter.com/ChrisLKeller/status/832307732245909505","832307732245909505","http://pbs.twimg.com/profile_images/798907342691573760/z2dyWd0E_normal.jpg","","<a href=""https://about.twitter.com/products/tweetdeck"" rel=""nofollow"">TweetDeck</a>","","","","4","0","Pacific Time (US & Canada)","True","","","en"
"2017-02-16 19:14:06+00:00","Chris Keller","ChrisLKeller","RT @BerrakBiz: SNL writers right now https://t.co/IJzhNcpE9f","https://twitter.com/ChrisLKeller/status/832307080035864576","832307080035864576","http://pbs.twimg.com/profile_images/798907342691573760/z2dyWd0E_normal.jpg","","<a href=""https://about.twitter.com/products/tweetdeck"" rel=""nofollow"">TweetDeck</a>","","","","73","0","Pacific Time (US & Canada)","True","","","en"
"2017-02-16 19:14:03+00:00","Chris Keller","ChrisLKeller","RT @MrGaryCooper: SNL writers at the moment. #TrumpPresser https://t.co/XELzJqg5u9","https://twitter.com/ChrisLKeller/status/832307068291866624","832307068291866624","http://pbs.twimg.com/profile_images/798907342691573760/z2dyWd0E_normal.jpg","","<a href=""https://about.twitter.com/products/tweetdeck"" rel=""nofollow"">TweetDeck</a>","","","","1634","0","Pacific Time (US & Canada)","True","","","en"
"2017-02-16 16:55:27+00:00","Chris Keller","ChrisLKeller","To enable @KPCC's latest headlines for @amazonecho simply log in to your Alexa app, go to skills, search for KPCC a https://t.co/kg8GqnEDRZ","https://twitter.com/ChrisLKeller/status/832272188388499456","832272188388499456","http://pbs.twimg.com/profile_images/798907342691573760/z2dyWd0E_normal.jpg","","<a href=""https://about.twitter.com/products/tweetdeck"" rel=""nofollow"">TweetDeck</a>","ChrisLKeller","832244797163188224","","3","1","Pacific Time (US & Canada)","True","","","en"
"2017-02-16 15:15:11+00:00","Chris Keller","ChrisLKeller","RT @triciabobeda: ICYMI: @WBEZ teamed up with some other public media folks in Illinois to annotate Gov. Rauner's budget address https://t.","https://twitter.com/ChrisLKeller/status/832246956638433281","832246956638433281","http://pbs.twimg.com/profile_images/798907342691573760/z2dyWd0E_normal.jpg","","<a href=""http://twitter.com/download/iphone"" rel=""nofollow"">Twitter for iPhone</a>","","","","10","0","Pacific Time (US & Canada)","True","","","en"
"2017-02-16 15:14:48+00:00","Chris Keller","ChrisLKeller","@JessicaHamlinB @AndreaJGardner: seems a book club is in order then...? Lots to discuss and ... gulp ... prepare for?","https://twitter.com/ChrisLKeller/status/832246860874014722","832246860874014722","http://pbs.twimg.com/profile_images/798907342691573760/z2dyWd0E_normal.jpg","","<a href=""http://twitter.com/download/iphone"" rel=""nofollow"">Twitter for iPhone</a>","JessicaHamlinB","832126096074174464","","0","2","Pacific Time (US & Canada)","True","","","en"
"2017-02-16 15:08:01+00:00","Chris Keller","ChrisLKeller","@ultracasual @ryanpitts: Switching to a dev account using my work email seemed to have worked. Sent letter along on personal account too.","https://twitter.com/ChrisLKeller/status/832245154148818944","832245154148818944","http://pbs.twimg.com/profile_images/798907342691573760/z2dyWd0E_normal.jpg","","<a href=""http://twitter.com/download/iphone"" rel=""nofollow"">Twitter for iPhone</a>","ultracasual","831951022310322176","","0","0","Pacific Time (US & Canada)","True","","","en"
"2017-02-16 15:06:36+00:00","Chris Keller","ChrisLKeller","As of 11:04 pm yesterday you can add @KPCC to the list of those delivering the latest headlines via the Alexa flash https://t.co/i8nqiImVHP","https://twitter.com/ChrisLKeller/status/832244797163188224","832244797163188224","http://pbs.twimg.com/profile_images/798907342691573760/z2dyWd0E_normal.jpg","","<a href=""http://twitter.com/download/iphone"" rel=""nofollow"">Twitter for iPhone</a>","","","","2","5","Pacific Time (US & Canada)","True","","","en"
"2017-02-16 06:14:24+00:00","Chris Keller","ChrisLKeller","RT @TDSbrettkelman: This is the importance of local journalism. We dig where no one else digs. We find what others overlook. https://t.co/j","https://twitter.com/ChrisLKeller/status/832110865268617216","832110865268617216","http://pbs.twimg.com/profile_images/798907342691573760/z2dyWd0E_normal.jpg","","<a href=""http://twitter.com/download/iphone"" rel=""nofollow"">Twitter for iPhone</a>","","","","12","0","Pacific Time (US & Canada)","True","","","en"
"2017-02-16 06:11:52+00:00","Chris Keller","ChrisLKeller","Can an emolument be in the form of an amulet?","https://twitter.com/ChrisLKeller/status/832110227323441152","832110227323441152","http://pbs.twimg.com/profile_images/798907342691573760/z2dyWd0E_normal.jpg","","<a href=""http://twitter.com/download/iphone"" rel=""nofollow"">Twitter for iPhone</a>","","","","0","1","Pacific Time (US & Canada)","True","","","en"
"2017-02-16 06:05:38+00:00","Chris Keller","ChrisLKeller","What does this even mean...? https://t.co/CRSYTzfdWt","https://twitter.com/ChrisLKeller/status/832108658716667904","832108658716667904","http://pbs.twimg.com/profile_images/798907342691573760/z2dyWd0E_normal.jpg","","<a href=""http://twitter.com/download/iphone"" rel=""nofollow"">Twitter for iPhone</a>","","","","0","0","Pacific Time (US & Canada)","True","","","en"
"2017-02-16 05:55:31+00:00","Chris Keller","ChrisLKeller","RT @ParkerMolloy: Oh, what a weird coincidence, I'm sure. https://t.co/fEqohoqo7y","https://twitter.com/ChrisLKeller/status/832106110999879680","832106110999879680","http://pbs.twimg.com/profile_images/798907342691573760/z2dyWd0E_normal.jpg","","<a href=""http://twitter.com/download/iphone"" rel=""nofollow"">Twitter for iPhone</a>","","","","575","0","Pacific Time (US & Canada)","True","","","en"
